version,category,basename,original_path,archive,sha256,size_bytes,canonical_path
3.0,docs,README_v3.txt,README_v3.txt,AudioKnigi_Downloader_v3_0_bundle.zip,9f0b4b1a4c9244084c9e4365e3f837559e15e8999dd20e1d3282b5a5d53ec38f,1179,history/variants/docs/3.0/README_v3.txt
4.1,docs,README_v4_1.txt,README_v4_1.txt,AudioKnigi_Downloader_v4_1_bundle.zip,7ff99207e46ae9e61fae617d53a7c6d7571cb5e777c452882046f556b73665b7,1701,history/variants/docs/4.1/README_v4_1.txt
4.10.0,docs,CHANGELOG.md,CHANGELOG.md,AudioKnigi_Downloader_v4_10_0_Event_Sounds.zip,ccd1bc2e0623b966b8e2ddf143cec866fb1a0e485080c4302e8c2eff77006918,61792,history/variants/docs/4.10.0/CHANGELOG.md
4.10.0,docs,README.md,README.md,AudioKnigi_Downloader_v4_10_0_Event_Sounds.zip,16ed8d10c0af58a5e1cd44011d244db14962f1725da7142c64736218a9c7452a,18942,history/variants/docs/4.10.0/README.md
4.10.0,docs,RELEASE_SETUP.md,RELEASE_SETUP.md,AudioKnigi_Downloader_v4_10_0_Event_Sounds.zip,a53bb2e1b3dd79f723ff4d04772d53d6fb40a77b52db747513772669f1a60269,960,history/variants/docs/4.10.0/RELEASE_SETUP.md
4.10.1,docs,CHANGELOG.md,CHANGELOG.md,AudioKnigi_Downloader_v4_10_1_Expanded_Event_Sounds.zip,41e22edf22109f91a788ee0c49e8a76caff99be2b3a7c80d2a89a17e685865e0,62548,history/variants/docs/4.10.1/CHANGELOG.md
4.10.1,docs,README.md,README.md,AudioKnigi_Downloader_v4_10_1_Expanded_Event_Sounds.zip,489c0004fc4a06467fc741cbdc86db3849f2bd526be34191bfa3b4b081d87721,18942,history/variants/docs/4.10.1/README.md
4.10.2,docs,CHANGELOG.md,CHANGELOG.md,AudioKnigi_Downloader_v4_10_2_Multilingual_Event_Sounds.zip,d7d73a08201ad8b6667f84393bc6e82d7e39b1bf1e816c2c148c10ffec1bb1c1,63315,history/variants/docs/4.10.2/CHANGELOG.md
4.10.2,docs,README.md,README.md,AudioKnigi_Downloader_v4_10_2_Multilingual_Event_Sounds.zip,3cecc1a17930a2117afd6dbbd109e88b5641b6a1abdcf6943cf77fcf86bc9056,19126,history/variants/docs/4.10.2/README.md
4.10.3,docs,CHANGELOG.md,CHANGELOG.md,AudioKnigi_Downloader_v4_10_3_English_Event_Sounds.zip,589d82daeb782a55f0f4545f26027fef0531afabed43b39c287b7fb9fbde8905,63688,history/variants/docs/4.10.3/CHANGELOG.md
4.10.3,docs,README.md,README.md,AudioKnigi_Downloader_v4_10_3_English_Event_Sounds.zip,6c5273019fc1e531e19b2f752e7e87b3b808958273bc84f2eea7575a2c32dedc,19244,history/variants/docs/4.10.3/README.md
4.10.4,docs,CHANGELOG.md,CHANGELOG.md,AudioKnigi_Downloader_v4_10_4_Complete_English_Event_Sounds.zip,9712e14a304cdecc00015fbbd3189bd35b52499f358efee186e2718a86931a10,64102,history/variants/docs/4.10.4/CHANGELOG.md
4.10.4,docs,README.md,README.md,AudioKnigi_Downloader_v4_10_4_Complete_English_Event_Sounds.zip,f7e8ae41dd399b4464ca9c59dcc82c9040be29330a4fb0ca7633b9b257b38a1b,19138,history/variants/docs/4.10.4/README.md
4.11.0,docs,CHANGELOG.md,CHANGELOG.md,AudioKnigi_Downloader_v4_11_0_PoleKnig.zip,4489b30d6b32bbcc701aed534e613f4c5cbf7f979a298c744c91a25f0e63c2b2,65113,history/variants/docs/4.11.0/CHANGELOG.md
4.11.0,docs,README.md,README.md,AudioKnigi_Downloader_v4_11_0_PoleKnig.zip,2577c54b26d7d511faa864cf80eb52b47e059603b5d6beec77e7eed72d2a54f9,19370,history/variants/docs/4.11.0/README.md
4.11.1,docs,CHANGELOG.md,CHANGELOG.md,AudioKnigi_Downloader_v4_11_1_PoleKnig_Variants.zip,5e7555b76c46ce52c257c773650caf05e0e582709bf480a71e7bd6e218b64c82,65669,history/variants/docs/4.11.1/CHANGELOG.md
4.11.1,docs,README.md,README.md,AudioKnigi_Downloader_v4_11_1_PoleKnig_Variants.zip,83e4f3a33c4475c0b7c0a7568eedc09980d9083a969649684d758ed6cf3d9ada,19370,history/variants/docs/4.11.1/README.md
4.11.2,docs,CHANGELOG.md,CHANGELOG.md,AudioKnigi_Downloader_v4_11_2_PoleKnig_Author_Search.zip,664e9863ff9fd9fc4a43288d212a640b876e779cf42f5b66d41ef23531b921d1,66404,history/variants/docs/4.11.2/CHANGELOG.md
4.11.2,docs,README.md,README.md,AudioKnigi_Downloader_v4_11_2_PoleKnig_Author_Search.zip,2b3f44ceedf125e4f3453e90449e91bd630d2bcefb778ea70a4dc39d4baa1af7,19519,history/variants/docs/4.11.2/README.md
4.12.0,docs,CHANGELOG.md,CHANGELOG.md,AudioKnigi_Downloader_v4_12_0_User_Friendly.zip,f3302890c08ff38b600baa7862b136cfe8bffe4d6720e5ad1cb6b76f15862eb8,68480,history/variants/docs/4.12.0/CHANGELOG.md
4.12.0,docs,README.md,README.md,AudioKnigi_Downloader_v4_12_0_User_Friendly.zip,8ba2e005b464d3558505546dfa8b887d7c21cc37eba53f72feb429852f3ee8db,21553,history/variants/docs/4.12.0/README.md
4.12.1,docs,CHANGELOG.md,CHANGELOG.md,AudioKnigi_Downloader_v4_12_1_Audit_Hardening.zip,451ca64218281af80b89d24301dd0f4145f707e065124496a02af4d873c1276d,69238,history/variants/docs/4.12.1/CHANGELOG.md
4.12.1,docs,README.md,README.md,AudioKnigi_Downloader_v4_12_1_Audit_Hardening.zip,ed57b421d73dbdb6f1dd59c26cb2e29361133b7e416f93155959e65c3ae9d5bf,21553,history/variants/docs/4.12.1/README.md
4.12.10,docs,CHANGELOG.md,CHANGELOG.md,AudioKnigi_Downloader_v4_12_10_Missing_Part_Choice_Python_3_14_7.zip,28b998e96eeacc6bbd962a5f8042e0d1a2dbc9971b39c9a2c5fa47a29cda17c4,76285,history/variants/docs/4.12.10/CHANGELOG.md
4.12.10,docs,README.md,README.md,AudioKnigi_Downloader_v4_12_10_Missing_Part_Choice_Python_3_14_7.zip,43a49715e0f6c47dc9f142c1eafa2b95e08d635eef70d773ffd093e5a18416e9,25656,history/variants/docs/4.12.10/README.md
4.12.11,docs,CHANGELOG.md,CHANGELOG.md,AudioKnigi_Downloader_v4_12_11_Real_FFmpeg_Bundle_Python_3_14_7.zip,402067afdd9d6387bf2960eff2888e3670f732ae01c75034742a5a90568e8635,76836,history/variants/docs/4.12.11/CHANGELOG.md
4.12.11,docs,README.md,README.md,AudioKnigi_Downloader_v4_12_11_Real_FFmpeg_Bundle_Python_3_14_7.zip,37c93034d15867cc2441243e3013730c53bfe85d138b55c3f056690c4f82e05e,26117,history/variants/docs/4.12.11/README.md
4.12.12,docs,CHANGELOG.md,CHANGELOG.md,AudioKnigi_Downloader_v4_12_12_Safe_Shutdown_Python_3_14_7.zip,69efca48dd88de8a78e8e4d7cd5269943aec3e06d7802fa32391685797533ed8,77523,history/variants/docs/4.12.12/CHANGELOG.md
4.12.12,docs,README.md,README.md,AudioKnigi_Downloader_v4_12_12_Safe_Shutdown_Python_3_14_7.zip,b597b607fa55bd165433d422cd09870eaaa7f43b862a9636a51041f61a655e93,26564,history/variants/docs/4.12.12/README.md
4.12.13,docs,CHANGELOG.md,CHANGELOG.md,AudioKnigi_Downloader_v4_12_13_Logic_I18n_Hardening_Python_3_14_7.zip,b2233013166c6e510b0308ec7839152ae752ca0f0e25c0acc7c0b384bd94b6ba,79473,history/variants/docs/4.12.13/CHANGELOG.md
4.12.13,docs,README.md,README.md,AudioKnigi_Downloader_v4_12_13_Logic_I18n_Hardening_Python_3_14_7.zip,afa747189c467261ae5d411938485c48a6f8de4dc3f28a6e184f2940e5ee4523,27702,history/variants/docs/4.12.13/README.md
4.12.14,docs,CHANGELOG.md,CHANGELOG.md,AudioKnigi_Downloader_v4_12_14_UX_Diagnostics_Python_3_14_7.zip,43d7d64d05a44c1e1ab50d17abe1dd6f15e6c9634d28d78f099783aff4d2c2c7,80852,history/variants/docs/4.12.14/CHANGELOG.md
4.12.14,docs,README.md,README.md,AudioKnigi_Downloader_v4_12_14_UX_Diagnostics_Python_3_14_7.zip,6810fb90930cd687d330a6a93c1c4e6f29f5662956b3afed69ea94a67d401870,29032,history/variants/docs/4.12.14/README.md
4.12.14,docs,UX_DIAGNOSTICS_4_12_14.md,UX_DIAGNOSTICS_4_12_14.md,AudioKnigi_Downloader_v4_12_14_UX_Diagnostics_Python_3_14_7.zip,dc88ea1da9de6333f97411edb22d62503db2cb84fe3fa406ae1f40949b04a66f,1494,history/variants/docs/4.12.14/UX_DIAGNOSTICS_4_12_14.md
4.12.15,docs,CHANGELOG.md,CHANGELOG.md,AudioKnigi_Downloader_v4_12_15_Full_Book_Flow_Logging_Python_3_14_7.zip,03fec52b65fddcbf92b1fa29d90350e6d26a994b37bcd2699e62203a343b3c16,82052,history/variants/docs/4.12.15/CHANGELOG.md
4.12.15,docs,README.md,README.md,AudioKnigi_Downloader_v4_12_15_Full_Book_Flow_Logging_Python_3_14_7.zip,0ec21b49a538653725463017bff4e5f593338bfb0fb222468043d68bab9bc921,29574,history/variants/docs/4.12.15/README.md
4.12.16,docs,CHANGELOG.md,CHANGELOG.md,AudioKnigi_Downloader_v4_12_16_Event_Bus_Hardening_Python_3_14_7.zip,458efdb21e8483cc13ae14df6a8ac1f38933374f3a9c0910f6fd22235343b1be,83497,history/variants/docs/4.12.16/CHANGELOG.md
4.12.16,docs,README.md,README.md,AudioKnigi_Downloader_v4_12_16_Event_Bus_Hardening_Python_3_14_7.zip,748e3146bbb92c4968863bc856a359a12025dfcd9dfd747431fb2cf6eadb535b,30911,history/variants/docs/4.12.16/README.md
4.12.17,docs,CHANGELOG.md,CHANGELOG.md,AudioKnigi_Downloader_v4_12_17_Bulk_Selection_One_Button_Player_Python_3_14_7.zip,01a0e5abb183f4acec5beeb53e359f65bd157e5e196a27139dccd2a549891eef,84605,history/variants/docs/4.12.17/CHANGELOG.md
4.12.17,docs,README.md,README.md,AudioKnigi_Downloader_v4_12_17_Bulk_Selection_One_Button_Player_Python_3_14_7.zip,7d47e391a5230d1322b8b8287184fb817a1f4c6dbc17905df5ee5bc662ddf298,31935,history/variants/docs/4.12.17/README.md
4.12.18,docs,CHANGELOG.md,CHANGELOG.md,AudioKnigi_Downloader_v4_12_18_Stable_Source_Mapping_Python_3_14_7.zip,a91c4be111cab2f565c900fb32afcd6e6cd911bbe3910293abed2437abfacf0d,85556,history/variants/docs/4.12.18/CHANGELOG.md
4.12.18,docs,README.md,README.md,AudioKnigi_Downloader_v4_12_18_Stable_Source_Mapping_Python_3_14_7.zip,5905587a46817ec61764148894755037c89fcc6d3110a0ced8b02c85d83cbefd,32630,history/variants/docs/4.12.18/README.md
4.12.19,docs,CHANGELOG.md,CHANGELOG.md,AudioKnigi_Downloader_v4_12_19_Auto_Duplicate_Reliable_Cancel_Python_3_14_7.zip,3c17f1bfa429ced6f050bd7a11774bf92362ed76833c9ba251fbd50516f717ca,87140,history/variants/docs/4.12.19/CHANGELOG.md
4.12.19,docs,README.md,README.md,AudioKnigi_Downloader_v4_12_19_Auto_Duplicate_Reliable_Cancel_Python_3_14_7.zip,c9037a968cd82ee992cc2f057a16c3ee457a479fe3e24364f930540ea2cc3b12,33523,history/variants/docs/4.12.19/README.md
4.12.2,docs,CHANGELOG.md,CHANGELOG.md,AudioKnigi_Downloader_v4_12_2_Audit_Hardening.zip,9a16ecd6ce26fe7a1b1947e719e9895751952f4f00f0b7561d0749ea925c39cd,70528,history/variants/docs/4.12.2/CHANGELOG.md
4.12.2,docs,README.md,README.md,AudioKnigi_Downloader_v4_12_2_Audit_Hardening.zip,66cebd83790846aa2201329e5499363d8dce8dff7d3371a8a5f350e2f9fe862e,22913,history/variants/docs/4.12.2/README.md
4.12.20,docs,CHANGELOG.md,CHANGELOG.md,AudioKnigi_Downloader_v4_12_20_MP3_Only_Complete_Help_Python_3_14_7.zip,215ac66c1a0bf283b494ba8eb097a9efcba93aa2efe7ebcd6286be5caa6b4e25,88146,history/variants/docs/4.12.20/CHANGELOG.md
4.12.20,docs,README.md,README.md,AudioKnigi_Downloader_v4_12_20_MP3_Only_Complete_Help_Python_3_14_7.zip,369cf11735faecff8c71dd7ec184fb90f94be5622b49796edc304ef22b44745a,34618,history/variants/docs/4.12.20/README.md
4.12.21,docs,CHANGELOG.md,CHANGELOG.md,AudioKnigi_Downloader_v4_12_21_Hidden_FFmpeg_Maximized_Start_Python_3_14_7.zip,09e6af89236d3aa4f1b02687b621542eff1e529723a440ed8247113d93e54610,89223,history/variants/docs/4.12.21/CHANGELOG.md
4.12.21,docs,README.md,README.md,AudioKnigi_Downloader_v4_12_21_Hidden_FFmpeg_Maximized_Start_Python_3_14_7.zip,6b51c58e507a0e99c1518a7c4ed594db0ad53cb39cc361d2852204303525421b,34618,history/variants/docs/4.12.21/README.md
4.12.22,docs,CHANGELOG.md,CHANGELOG.md,AudioKnigi_Downloader_v4_12_22_One_Toggle_Bulk_Selection_Python_3_14_7.zip,9f9509f336a0f2c74a9b7c99d595d27d4f6eb8e101084343fc22c78016e3d887,89936,history/variants/docs/4.12.22/CHANGELOG.md
4.12.22,docs,README.md,README.md,AudioKnigi_Downloader_v4_12_22_One_Toggle_Bulk_Selection_Python_3_14_7.zip,ad3ad97d045f07055be2d6428714e4ec0c23936507f25c8ed031358c26426063,35254,history/variants/docs/4.12.22/README.md
4.12.23,docs,CHANGELOG.md,CHANGELOG.md,AudioKnigi_Downloader_v4_12_23_Audit_Hardening_Adaptive_Range_Python_3_14_7.zip,bea25566f5f46d13cfb6fe80cb5d226702a0099a2e957436bfe1a49366a02bf7,91664,history/variants/docs/4.12.23/CHANGELOG.md
4.12.23,docs,README.md,README.md,AudioKnigi_Downloader_v4_12_23_Audit_Hardening_Adaptive_Range_Python_3_14_7.zip,9f4de79a8c12f0a90323db523984aede41c3facf3c1e269a14e736cd2895caa6,37946,history/variants/docs/4.12.23/README.md
4.12.24,docs,CHANGELOG.md,CHANGELOG.md,AudioKnigi_Downloader_v4_12_24_Direct_Slider_Queue_Revalidation_Python_3_14_7.zip,21fad52bd628f150b393075c42d72cc314d510a97e8ca7102b3aae31c5ebb962,92255,history/variants/docs/4.12.24/CHANGELOG.md
4.12.24,docs,README.md,README.md,AudioKnigi_Downloader_v4_12_24_Direct_Slider_Queue_Revalidation_Python_3_14_7.zip,ebe149b56f9ce0f24f6a9cc04e66319e5fb533746d1135d0c53368ab9eba7e0d,38714,history/variants/docs/4.12.24/README.md
4.12.25,docs,CHANGELOG.md,CHANGELOG.md,AudioKnigi_Downloader_v4_12_25_Sidecar_Duplicate_Fallback_Python_3_14_7.zip,b8a1f53d8cd969b9a9d73d2700d43f6d39c22896f9a424044ab653196e2d5a4d,93121,history/variants/docs/4.12.25/CHANGELOG.md
4.12.25,docs,README.md,README.md,AudioKnigi_Downloader_v4_12_25_Sidecar_Duplicate_Fallback_Python_3_14_7.zip,aadb1e0f398fe54928fb1cc0d247ff382b111556961d3a31d9d7e2e478b54ead,39076,history/variants/docs/4.12.25/README.md
4.12.26,docs,CHANGELOG.md,CHANGELOG.md,AudioKnigi_Downloader_v4_12_26_Event_Sound_Coverage_System_Fallback_Python_3_14_7.zip,b1bdfe1bf0a2d0c2593f615c9af67e3427a1e623463567a8dc43db22a086da10,94038,history/variants/docs/4.12.26/CHANGELOG.md
4.12.26,docs,README.md,README.md,AudioKnigi_Downloader_v4_12_26_Event_Sound_Coverage_System_Fallback_Python_3_14_7.zip,a5286f680bd74889296f13f37683b91a1f4d933733c6f7d51300ac1c38355f9d,39577,history/variants/docs/4.12.26/README.md
4.12.27,docs,ACCESSIBILITY_NVDA_JAWS_4_12_27.md,ACCESSIBILITY_NVDA_JAWS_4_12_27.md,AudioKnigi_Downloader_v4_12_27_NVDA_JAWS_Tab_Accessibility_Python_3_14_7.zip,1d4c483568fec916ab85b6299f8d8f9e566b959ad7438208d6426f637ea91ec0,1909,history/variants/docs/4.12.27/ACCESSIBILITY_NVDA_JAWS_4_12_27.md
4.12.27,docs,CHANGELOG.md,CHANGELOG.md,AudioKnigi_Downloader_v4_12_27_NVDA_JAWS_Tab_Accessibility_Python_3_14_7.zip,556f5078f1767758e7f59d48ad04b77cfcaeced1de0e6c46930d847078cc4cf4,94839,history/variants/docs/4.12.27/CHANGELOG.md
4.12.27,docs,README.md,README.md,AudioKnigi_Downloader_v4_12_27_NVDA_JAWS_Tab_Accessibility_Python_3_14_7.zip,d7290105ad38965db3d5a1a2e38a9704b74f7c51cc45b2d3fbfc221d31bbcf0d,40350,history/variants/docs/4.12.27/README.md
4.12.28,docs,CHANGELOG.md,CHANGELOG.md,AudioKnigi_Downloader_v4_12_28_Frozen_Prism_NVDA_JAWS_Fix_Python_3_14_7.zip,7bea84cebce54344639f152a3dc77ebcbe03137c7505094d18c095efa2413471,95327,history/variants/docs/4.12.28/CHANGELOG.md
4.12.28,docs,README.md,README.md,AudioKnigi_Downloader_v4_12_28_Frozen_Prism_NVDA_JAWS_Fix_Python_3_14_7.zip,d68b149b09a15850d71d4ad72c689481985b2ed77fcd537a597dadfa0b6ee8df,41095,history/variants/docs/4.12.28/README.md
4.12.29,docs,CHANGELOG.md,CHANGELOG.md,AudioKnigi_Downloader_v4_12_29_Prism_CFFI_NVDA_JAWS_Frozen_Fix_Python_3_14_7.zip,33dfcab9dad1b97c1efa7a9a9423782bc9d93b73d5a0ff1b2494ffd03e9a39cc,95748,history/variants/docs/4.12.29/CHANGELOG.md
4.12.29,docs,README.md,README.md,AudioKnigi_Downloader_v4_12_29_Prism_CFFI_NVDA_JAWS_Frozen_Fix_Python_3_14_7.zip,0a37b5fa665de4f285fd8231c12b357b2d4f0a53e1bc15a21ca20d198755b24a,41820,history/variants/docs/4.12.29/README.md
4.12.3,docs,CHANGELOG.md,CHANGELOG.md,AudioKnigi_Downloader_v4_12_3_Default_100_Scale.zip,be79033b9d460aa5e79a1c270e190686ed22e6671067c59472a92689306e368d,71031,history/variants/docs/4.12.3/CHANGELOG.md
4.12.3,docs,README.md,README.md,AudioKnigi_Downloader_v4_12_3_Default_100_Scale.zip,f7227e22b7ccb80141e3a36bf8b542d02726bb13dd635c77f2fb67488a846e07,23271,history/variants/docs/4.12.3/README.md
4.12.30,docs,CHANGELOG.md,CHANGELOG.md,AudioKnigi_Downloader_v4_12_30_Complete_NVDA_JAWS_Feedback_Python_3_14_7.zip,b42bfce4b55e73cda3b103d9bc96510147461506fc44f1fc60b27b534391680b,96433,history/variants/docs/4.12.30/CHANGELOG.md
4.12.30,docs,README.md,README.md,AudioKnigi_Downloader_v4_12_30_Complete_NVDA_JAWS_Feedback_Python_3_14_7.zip,212b2089a75c7217f9451ea7bc61d87294942f1918b137effd7d60b051a78294,42341,history/variants/docs/4.12.30/README.md
4.12.4,docs,CHANGELOG.md,CHANGELOG.md,AudioKnigi_Downloader_v4_12_4_Combobox_Scroll_Guard.zip,87b28c2d0645a80adea3b174d880f9b2b9bff0b244bc388eeeb663da25945da7,72062,history/variants/docs/4.12.4/CHANGELOG.md
4.12.4,docs,README.md,README.md,AudioKnigi_Downloader_v4_12_4_Combobox_Scroll_Guard.zip,d32cac4151ad94810909f6d5cca8e86943a7e4683b380cfcc972ff91f757c0a4,23271,history/variants/docs/4.12.4/README.md
4.12.5,docs,CHANGELOG.md,CHANGELOG.md,AudioKnigi_Downloader_v4_12_5_Keyboard_Dialog_Accessibility.zip,12660d0fe439d8595f756692b56704e26b01b8832768d34975b5142a7d7b9e9b,73489,history/variants/docs/4.12.5/CHANGELOG.md
4.12.5,docs,CHANGELOG.md,CHANGELOG.md,AudioKnigi_Downloader_v4_12_5_BUILD_FIXED.zip,dcd4dc9f6a5bcb91c5fdbc7c6ab59aea28f1c2742737c3976e3c0d076edb295f,72966,history/variants/docs/4.12.5/CHANGELOG.md__dcd4dc9f6a
4.12.5,docs,KEYBOARD_ACCESSIBILITY_4_12_5.md,KEYBOARD_ACCESSIBILITY_4_12_5.md,AudioKnigi_Downloader_v4_12_5_Keyboard_Dialog_Accessibility.zip,ebf94176aab8af4d0cc049adfcfa5700e3a7d1621247d65534a643fe8547a77b,3810,history/variants/docs/4.12.5/KEYBOARD_ACCESSIBILITY_4_12_5.md
4.12.5,docs,README.md,README.md,AudioKnigi_Downloader_v4_12_5_Keyboard_Dialog_Accessibility.zip,60691d01b7fe542b9f1379789922c11654993dafd4b73d2043aef9a63508b6da,24103,history/variants/docs/4.12.5/README.md
4.12.5,docs,README.md,README.md,AudioKnigi_Downloader_v4_12_5_BUILD_FIXED.zip,f72a6097714dc5338138d50c388688676706ea29dbdfa1f70a6d3509565255a2,23271,history/variants/docs/4.12.5/README.md__f72a609771
4.12.6,docs,CHANGELOG.md,CHANGELOG.md,AudioKnigi_Downloader_v4_12_6_Scale_Combobox_Wheel_Fix.zip,f38089dc8246a1f16536b809ecda2b51ad008b44f1b65d6d6dc15526d182427d,73708,history/variants/docs/4.12.6/CHANGELOG.md
4.12.6,docs,README.md,README.md,AudioKnigi_Downloader_v4_12_6_Scale_Combobox_Wheel_Fix.zip,6ce458bf8a3ffad915d55def80fc1048731c902d97ea5e97b2c3d16ce17737f6,23708,history/variants/docs/4.12.6/README.md
4.12.7,docs,CHANGELOG.md,CHANGELOG.md,AudioKnigi_Downloader_v4_12_7_Simple_Folder_Picker_Fix.zip,3693da9664e8cf580e513110b7c4db920fcd791b4ae1fc91c0c1dadb10fb3699,74263,history/variants/docs/4.12.7/CHANGELOG.md
4.12.7,docs,CHANGELOG.md,CHANGELOG.md,AudioKnigi_Downloader_v4_12_7_Python_3_14_7_Build.zip,8b78e3407680f4ffab7ce8b8f8f1bca2b83e0b2ce5394dcc90a4c2cc75f9d3ad,74589,history/variants/docs/4.12.7/CHANGELOG.md__8b78e34076
4.12.7,docs,README.md,README.md,AudioKnigi_Downloader_v4_12_7_Python_3_14_7_Build.zip,345b24cc38820e9c9d106175f9152bdaa5ab5346063fe666aa5f4ad81ae97763,24047,history/variants/docs/4.12.7/README.md
4.12.8,docs,CHANGELOG.md,CHANGELOG.md,AudioKnigi_Downloader_v4_12_8_FFmpeg_Hardening_Python_3_14_7.zip,f92c5b00c0a152cf8fa0c7a812a5f8dd095f998e62286df9bb7237221117d33b,75032,history/variants/docs/4.12.8/CHANGELOG.md
4.12.8,docs,README.md,README.md,AudioKnigi_Downloader_v4_12_8_FFmpeg_Hardening_Python_3_14_7.zip,afc44aa4f3d624b6ed25a9e7cda9691e3f235584b075b6f60e2b8e2d5f79b5b3,24550,history/variants/docs/4.12.8/README.md
4.12.9,docs,CHANGELOG.md,CHANGELOG.md,AudioKnigi_Downloader_v4_12_9_Media_URL_Refresh_Python_3_14_7.zip,8973fb104eda54445e24cf801d84e531e8483eb040cfcf467da889269366d7ea,75514,history/variants/docs/4.12.9/CHANGELOG.md
4.12.9,docs,README.md,README.md,AudioKnigi_Downloader_v4_12_9_Media_URL_Refresh_Python_3_14_7.zip,c25ac3c97e429d65cf8238e0d22fa8f1cb80c6b4d372713b92f855f0b5204739,24965,history/variants/docs/4.12.9/README.md
4.2,docs,README_v4_2.txt,README_v4_2.txt,AudioKnigi_Downloader_v4_2_bundle.zip,e014c053a30684233b61eafdf827d4fc21fa7b0a0434024a96b52dbd9092939b,4036,history/variants/docs/4.2/README_v4_2.txt
4.2.1,docs,README_v4_2_1.txt,README_v4_2_1.txt,AudioKnigi_Downloader_v4_2_1_bundle.zip,dffdc6f87456ef28147bdb23fb77542cafa064adf6d7f6a0880e6aab35df39d4,1463,history/variants/docs/4.2.1/README_v4_2_1.txt
4.3,docs,README_v4_3.txt,README_v4_3.txt,AudioKnigi_Downloader_v4_3_bundle.zip,7d3333a1f30e075b87ee5b1015b747167e72c5a39cfefd3b2e60bd0e66bcfe8d,4679,history/variants/docs/4.3/README_v4_3.txt
4.3.1,docs,README_v4_3_1.txt,README_v4_3_1.txt,AudioKnigi_Downloader_v4_3_1_bundle.zip,186d6bc2d05374a1c8d4579266a5085140780ae539efe3f516644ee33877f919,2052,history/variants/docs/4.3.1/README_v4_3_1.txt
4.4,docs,README_v4_4.txt,README_v4_4.txt,AudioKnigi_Downloader_v4_4_bundle.zip,2781eac795e45c647cbd0f79ab27e1aa5e63230be726d8fb8535a1e9534793a1,5847,history/variants/docs/4.4/README_v4_4.txt
4.4.1,docs,README_v4_4_1.txt,README_v4_4_1.txt,AudioKnigi_Downloader_v4_4_1_bundle.zip,4cae1d5c187c3e5cb8445aa137b1fa345f06b53d79a277a9defbcf9c8a62a8e7,4091,history/variants/docs/4.4.1/README_v4_4_1.txt
4.5.0,docs,GITHUB_RELEASE_SETUP.txt,GITHUB_RELEASE_SETUP.txt,AudioKnigi_Downloader_v4_5_0_bundle.zip,e8b28d5d6c54c1df8d227a60f900ab685e1c9864866b07609d6ce0942783006a,964,history/variants/docs/4.5.0/GITHUB_RELEASE_SETUP.txt
4.5.0,docs,README_v4_5_0.txt,README_v4_5_0.txt,AudioKnigi_Downloader_v4_5_0_bundle.zip,1a65720f4fafe88efaa76d00f601c5cefa177c60f12fee3233cb4bbc3c2b6a2d,2217,history/variants/docs/4.5.0/README_v4_5_0.txt
4.6.0,docs,GITHUB_RELEASE_SETUP.txt,GITHUB_RELEASE_SETUP.txt,AudioKnigi_Downloader_v4_6_0_bundle.zip,c4a2f72706dd13a83b00c6557ecb244792602e9d564c6b9726cacae4c2fc858b,964,history/variants/docs/4.6.0/GITHUB_RELEASE_SETUP.txt
4.6.0,docs,README_v4_6_0.txt,README_v4_6_0.txt,AudioKnigi_Downloader_v4_6_0_bundle.zip,db5811f6054aac0b4a630925c3f1f1f3ea72f75fa3f30f8346c4a17f5a893776,4842,history/variants/docs/4.6.0/README_v4_6_0.txt
4.6.1.1,docs,GITHUB_RELEASE_SETUP.txt,GITHUB_RELEASE_SETUP.txt,AudioKnigi_Downloader_v4_6_1_1_HiDPI_Fix.zip,5c4f8603d252c8b0cd061b37a755105b315880ac3be20e4f2a32af1a7d0b4699,964,history/variants/docs/4.6.1.1/GITHUB_RELEASE_SETUP.txt
4.6.1.1,docs,README_v4_6_1.txt,README_v4_6_1.txt,AudioKnigi_Downloader_v4_6_1_1_HiDPI_Fix.zip,19b986786b53ba30c0ebf064c5efa250106ed79d09338dcbb85c495feeb3340f,2493,history/variants/docs/4.6.1.1/README_v4_6_1.txt
4.6.1.1,docs,README_v4_6_1_1.txt,README_v4_6_1_1.txt,AudioKnigi_Downloader_v4_6_1_1_HiDPI_Fix.zip,1848aa6f771b786c8ca3cf7fbbf243fe0958f2400a1632dd6b26d5da12e86acd,650,history/variants/docs/4.6.1.1/README_v4_6_1_1.txt
4.7.0,docs,GITHUB_RELEASE_SETUP.txt,GITHUB_RELEASE_SETUP.txt,AudioKnigi_Downloader_v4_7_0_Reliability_Accessibility.zip,3d191032e23b2c800f67c907d108b6ce52cee910e5d779c4d6c6484d27c2a0fb,964,history/variants/docs/4.7.0/GITHUB_RELEASE_SETUP.txt
4.7.0,docs,README_v4_7_0.txt,README_v4_7_0.txt,AudioKnigi_Downloader_v4_7_0_Reliability_Accessibility.zip,6fe9f4f00fe680adaecd78d5b1b146fe8a7bcc48379d0c456e8f2c592e2104de,1666,history/variants/docs/4.7.0/README_v4_7_0.txt
4.7.1,docs,CHANGELOG.md,CHANGELOG.md,AudioKnigi_Downloader_v4_7_1_Architecture_Cleanup.zip,7fee9381bc001e37827ee505c99a2a02007499a0bf5d73c8cb3683fdd0a37899,920,history/variants/docs/4.7.1/CHANGELOG.md
4.7.1,docs,README.md,README.md,AudioKnigi_Downloader_v4_7_1_Architecture_Cleanup.zip,4ccb71ba6c3f37a6ce2cf4c7febaf602056ffb61e3577637ea222878f70fbfe3,2924,history/variants/docs/4.7.1/README.md
4.7.1,docs,RELEASE_SETUP.md,RELEASE_SETUP.md,AudioKnigi_Downloader_v4_7_1_Architecture_Cleanup.zip,55d2b927cd4d2409a725073e1d331aba7cf114afe32142f85db777b8f053fdf1,654,history/variants/docs/4.7.1/RELEASE_SETUP.md
4.7.1.1,docs,CHANGELOG.md,CHANGELOG.md,AudioKnigi_Downloader_v4_7_1_1_EventBus_Fix.zip,fba5c0712920040487d5cf99258925d7e334d5e7b5ba3fde33610317ce76d4e4,1254,history/variants/docs/4.7.1.1/CHANGELOG.md
4.7.1.1,docs,README.md,README.md,AudioKnigi_Downloader_v4_7_1_1_EventBus_Fix.zip,93ce57cddd35721c460aef070cd513b8c2441c855f929c1c43d3042c66c962a4,2926,history/variants/docs/4.7.1.1/README.md
4.7.1.1,docs,RELEASE_SETUP.md,RELEASE_SETUP.md,AudioKnigi_Downloader_v4_7_1_1_EventBus_Fix.zip,de69583d1bb3cf07b7b7bd7e5e801b16ba131b9eb6651fb7f567952f8c591152,658,history/variants/docs/4.7.1.1/RELEASE_SETUP.md
4.7.1.2,docs,CHANGELOG.md,CHANGELOG.md,AudioKnigi_Downloader_v4_7_1_2_Range_Continuation_Fix.zip,ea1f5a98cff4d29c7d6fb23b033db14316437392d29cc63700f1556a2890d960,1550,history/variants/docs/4.7.1.2/CHANGELOG.md
4.7.1.2,docs,README.md,README.md,AudioKnigi_Downloader_v4_7_1_2_Range_Continuation_Fix.zip,63647708c07110a52c1bc65fb3d8f52dc380bd28cfd8ff0b1978478646e8734f,2926,history/variants/docs/4.7.1.2/README.md
4.7.1.2,docs,RELEASE_SETUP.md,RELEASE_SETUP.md,AudioKnigi_Downloader_v4_7_1_2_Range_Continuation_Fix.zip,455cd7e1415aa808ce18011374030ec17025be38de3d082ecf8b1efee07304b9,658,history/variants/docs/4.7.1.2/RELEASE_SETUP.md
4.7.1.3,docs,CHANGELOG.md,CHANGELOG.md,AudioKnigi_Downloader_v4_7_1_3_Cover_Lifecycle_Fix.zip,4068524544164027d57f347ae19b8e5813b2c474fa547ffc640b92b311e1ad46,1984,history/variants/docs/4.7.1.3/CHANGELOG.md
4.7.1.3,docs,README.md,README.md,AudioKnigi_Downloader_v4_7_1_3_Cover_Lifecycle_Fix.zip,c5a3de91c641bfdec3bd0181dbcbe420971f266685fe32a1fe5418980484c0c0,2926,history/variants/docs/4.7.1.3/README.md
4.7.1.3,docs,RELEASE_SETUP.md,RELEASE_SETUP.md,AudioKnigi_Downloader_v4_7_1_3_Cover_Lifecycle_Fix.zip,8aa3f273bfe468a0efc200cbf828374047d013a18f634b8c9a0e6c1808f0c6fb,658,history/variants/docs/4.7.1.3/RELEASE_SETUP.md
4.7.10,docs,ACCESSIBILITY.md,ACCESSIBILITY.md,AudioKnigi_Downloader_v4_7_10_Settings_Lifecycle_Hardening.zip,b4fae98e63fa9e3122e34a37604b51c7ba3733f6a89cbc3306b915840aff2759,3066,history/variants/docs/4.7.10/ACCESSIBILITY.md
4.7.10,docs,CHANGELOG.md,CHANGELOG.md,AudioKnigi_Downloader_v4_7_10_Settings_Lifecycle_Hardening.zip,56a660ae435f2605c58a9b54ea393837b5cb05da3dba2b6e43994ee2e5e57a4f,12731,history/variants/docs/4.7.10/CHANGELOG.md
4.7.10,docs,README.md,README.md,AudioKnigi_Downloader_v4_7_10_Settings_Lifecycle_Hardening.zip,b772c1afaad16d93b29ef0b97d91b9d7566f943ae6ea1f4aad879ce44f32748a,6092,history/variants/docs/4.7.10/README.md
4.7.10,docs,RELEASE_SETUP.md,RELEASE_SETUP.md,AudioKnigi_Downloader_v4_7_10_Settings_Lifecycle_Hardening.zip,26e032a5c3620c90c5ebd11e46494520fb4efe58d5d4e2ef594e6a01cc29c787,962,history/variants/docs/4.7.10/RELEASE_SETUP.md
4.7.2,docs,CHANGELOG.md,CHANGELOG.md,AudioKnigi_Downloader_v4_7_2_Maintenance_Hardening.zip,a40b5b23887485e1da4b682520689ee8acd683320753937b391e940519b084bd,3588,history/variants/docs/4.7.2/CHANGELOG.md
4.7.2,docs,README.md,README.md,AudioKnigi_Downloader_v4_7_2_Maintenance_Hardening.zip,368c57f7981b720b9d0150c1207a4a6d5dd66c04aac00c8d568b985946ecbf93,3125,history/variants/docs/4.7.2/README.md
4.7.2,docs,RELEASE_SETUP.md,RELEASE_SETUP.md,AudioKnigi_Downloader_v4_7_2_Maintenance_Hardening.zip,58dbcb61c5d8e41142beaf99bc4f43eeffdae2b4c43e8021846ae29bc962f734,654,history/variants/docs/4.7.2/RELEASE_SETUP.md
4.7.3,docs,CHANGELOG.md,CHANGELOG.md,AudioKnigi_Downloader_v4_7_3_Runtime_Hardening.zip,1ecae9bb4ad83c1862795a480a3ee781bf21fb646998c1c38fee82c9a30cbeb8,5267,history/variants/docs/4.7.3/CHANGELOG.md
4.7.3,docs,README.md,README.md,AudioKnigi_Downloader_v4_7_3_Runtime_Hardening.zip,ef31e249173dea8fd7c63959e10c69a2ff2f09c25eca6bdfff882c608fae4bfb,3380,history/variants/docs/4.7.3/README.md
4.7.3,docs,RELEASE_SETUP.md,RELEASE_SETUP.md,AudioKnigi_Downloader_v4_7_3_Runtime_Hardening.zip,c9775c90c25118bb3fa6e09e00e3074a88a24206302d6e7f6e3286d72bf289bd,654,history/variants/docs/4.7.3/RELEASE_SETUP.md
4.7.4,docs,CHANGELOG.md,CHANGELOG.md,AudioKnigi_Downloader_v4_7_4_Audit_Hardening.zip,5202cf5816c22c5c4740c1b2af5c4fbcd12cd02ab0e2a5b0378edda7f3207315,6594,history/variants/docs/4.7.4/CHANGELOG.md
4.7.4,docs,README.md,README.md,AudioKnigi_Downloader_v4_7_4_Audit_Hardening.zip,dabdc117c419c2387d0f15fee4b97344cb1c86d42782a79365415e7cfeed1ebf,3838,history/variants/docs/4.7.4/README.md
4.7.4,docs,RELEASE_SETUP.md,RELEASE_SETUP.md,AudioKnigi_Downloader_v4_7_4_Audit_Hardening.zip,8f39e35a45382be2a144c76921bc9163f31a1197452d80505cc3f2e2c89dc898,654,history/variants/docs/4.7.4/RELEASE_SETUP.md
4.7.5,docs,CHANGELOG.md,CHANGELOG.md,AudioKnigi_Downloader_v4_7_5_Edge_Case_Hardening.zip,6dedd675ad58c5665da3350fac5d15a410936de4d4ad7f97296a93661476f990,7230,history/variants/docs/4.7.5/CHANGELOG.md
4.7.5,docs,README.md,README.md,AudioKnigi_Downloader_v4_7_5_Edge_Case_Hardening.zip,59b6857fd1024a9a7935504ac488ccd1933f0499b746aefcaa0947cec27b6da5,4148,history/variants/docs/4.7.5/README.md
4.7.5,docs,RELEASE_SETUP.md,RELEASE_SETUP.md,AudioKnigi_Downloader_v4_7_5_Edge_Case_Hardening.zip,bd3241cde8abb248cac5c2ae7763e949ace7a121a0e4229fe842277516a512eb,654,history/variants/docs/4.7.5/RELEASE_SETUP.md
4.7.6,docs,CHANGELOG.md,CHANGELOG.md,AudioKnigi_Downloader_v4_7_6_Universal_Accessibility.zip,3a7f1274f55aa9d02705e4f2fc2d11c3b3f15f79a1437260d7ed9523e56a9565,8371,history/variants/docs/4.7.6/CHANGELOG.md
4.7.6,docs,README.md,README.md,AudioKnigi_Downloader_v4_7_6_Universal_Accessibility.zip,fd6af65a7e73109606e4c2baab653bca56cd4ae0a5f49a2c8c7efc18bcb6dd89,5041,history/variants/docs/4.7.6/README.md
4.7.6,docs,RELEASE_SETUP.md,RELEASE_SETUP.md,AudioKnigi_Downloader_v4_7_6_Universal_Accessibility.zip,09b018c236b9bffc8918d85d48e5093fc7dbf5fca4bf7b12e14bb75b47dc4030,960,history/variants/docs/4.7.6/RELEASE_SETUP.md
4.7.7,docs,CHANGELOG.md,CHANGELOG.md,AudioKnigi_Downloader_v4_7_7_Audit_Accessibility_Hardening.zip,5881d9a8747c0ee542bddb89d9b7ec4aff6081c91660d12799fe6cddc3f03fd5,9617,history/variants/docs/4.7.7/CHANGELOG.md
4.7.7,docs,README.md,README.md,AudioKnigi_Downloader_v4_7_7_Audit_Accessibility_Hardening.zip,7b877c1c00c5d27dc0490be1d19f070999a878076b972f83d0a383843f3d5968,5414,history/variants/docs/4.7.7/README.md
4.7.7,docs,RELEASE_SETUP.md,RELEASE_SETUP.md,AudioKnigi_Downloader_v4_7_7_Audit_Accessibility_Hardening.zip,acd7a431a3429e178230b712e8f2e29674a0b10075ff68d0cce4db0a1ab96568,960,history/variants/docs/4.7.7/RELEASE_SETUP.md
4.7.8,docs,CHANGELOG.md,CHANGELOG.md,AudioKnigi_Downloader_v4_7_8_Runtime_Accessibility_Hardening.zip,f4ab94d57e100e8a67c8c0ca8761ea23c60bf18f48f91c5bfa055ded1f89902c,11153,history/variants/docs/4.7.8/CHANGELOG.md
4.7.8,docs,README.md,README.md,AudioKnigi_Downloader_v4_7_8_Runtime_Accessibility_Hardening.zip,03c5d58fbab1bf1f112536feba44d48a7da8c15c7527a83ac912c3d5030e02b0,5780,history/variants/docs/4.7.8/README.md
4.7.8,docs,RELEASE_SETUP.md,RELEASE_SETUP.md,AudioKnigi_Downloader_v4_7_8_Runtime_Accessibility_Hardening.zip,0cdfb7a0226b4dd4ec820fe045fc64fbbd40394bb6cf8192710a91f0256a3f32,960,history/variants/docs/4.7.8/RELEASE_SETUP.md
4.7.9,docs,CHANGELOG.md,CHANGELOG.md,AudioKnigi_Downloader_v4_7_9_AutoDownload_Handoff_Fix.zip,72c88a726f0bfdc8cf4ac2a62cd6efe90f76fdf88a1c9093b9695c30b9609eae,12015,history/variants/docs/4.7.9/CHANGELOG.md
4.7.9,docs,README.md,README.md,AudioKnigi_Downloader_v4_7_9_AutoDownload_Handoff_Fix.zip,05050a07e06482cdd2273a7fcf2dcdc165f19efcb91a3b077d3daad84df3c971,5948,history/variants/docs/4.7.9/README.md
4.7.9,docs,RELEASE_SETUP.md,RELEASE_SETUP.md,AudioKnigi_Downloader_v4_7_9_AutoDownload_Handoff_Fix.zip,18577022b627d319e2f3ccb7fc9e45f90f403f66ff36224f0c1f7cbbde405156,960,history/variants/docs/4.7.9/RELEASE_SETUP.md
4.8.0,docs,ACCESSIBILITY.md,ACCESSIBILITY.md,AudioKnigi_Downloader_v4_8_0_Modern_Accessible_UI.zip,05f6ce1ae00f2808ada414039d92fae54bb830559e21137931d55caed173cd81,3316,history/variants/docs/4.8.0/ACCESSIBILITY.md
4.8.0,docs,CHANGELOG.md,CHANGELOG.md,AudioKnigi_Downloader_v4_8_0_Modern_Accessible_UI.zip,1d18d25285c1193e62c01e4777ca1e52ff73f3bb651d7c907849b73351524caa,13994,history/variants/docs/4.8.0/CHANGELOG.md
4.8.0,docs,MODERN_UI.md,MODERN_UI.md,AudioKnigi_Downloader_v4_8_0_Modern_Accessible_UI.zip,00115cbe5b0a5ab81258b6b12246190d2c0f8b7379a9cf35f2f1e02f9119b296,1383,history/variants/docs/4.8.0/MODERN_UI.md
4.8.0,docs,README.md,README.md,AudioKnigi_Downloader_v4_8_0_Modern_Accessible_UI.zip,da434428585a911e8e4d52d9422d91c8b452e4f3e0a57115fcf71615172f64d4,6587,history/variants/docs/4.8.0/README.md
4.8.0,docs,RELEASE_SETUP.md,RELEASE_SETUP.md,AudioKnigi_Downloader_v4_8_0_Modern_Accessible_UI.zip,acbb5b40d127a67d6917eb61a3958c5c4196af7c54c17032a3332959cae2cce4,960,history/variants/docs/4.8.0/RELEASE_SETUP.md
4.8.1,docs,ACCESSIBILITY.md,ACCESSIBILITY.md,AudioKnigi_Downloader_v4_8_1_Modern_Accessible_UI_Hardening.zip,cf9b1ce1d58cd32c207fb0898f4ad98e2a5b6788c1e4574b99b713403b64296c,3550,history/variants/docs/4.8.1/ACCESSIBILITY.md
4.8.1,docs,CHANGELOG.md,CHANGELOG.md,AudioKnigi_Downloader_v4_8_1_Modern_Accessible_UI_Hardening.zip,a306c43a4dde2f11651a4c5b3c8db69036eeab4732547121d088652a66fcbe25,15087,history/variants/docs/4.8.1/CHANGELOG.md
4.8.1,docs,MODERN_UI.md,MODERN_UI.md,AudioKnigi_Downloader_v4_8_1_Modern_Accessible_UI_Hardening.zip,cc498ec82c01c2f49cc709b96508e444bfd8edf1b04bb5e486846637ecbc488a,1949,history/variants/docs/4.8.1/MODERN_UI.md
4.8.1,docs,README.md,README.md,AudioKnigi_Downloader_v4_8_1_Modern_Accessible_UI_Hardening.zip,89f8a2948ababf3cf709de4d719a6b4a0b3339643ba739cb40f52b5c20ff5759,6787,history/variants/docs/4.8.1/README.md
4.8.1,docs,RELEASE_SETUP.md,RELEASE_SETUP.md,AudioKnigi_Downloader_v4_8_1_Modern_Accessible_UI_Hardening.zip,5e4b58c6345c6fcc6c97799b5f78d04b89f261b5f6210845e63ed17154d9ef9a,960,history/variants/docs/4.8.1/RELEASE_SETUP.md
4.8.10,docs,CHANGELOG.md,CHANGELOG.md,AudioKnigi_Downloader_v4_8_10_Full_Stability_DnD_Fix.zip,3f76ff279eedb09cadb2808851a4957f79bed9ae3df8ff0994c03a2e6b1cff02,32313,history/variants/docs/4.8.10/CHANGELOG.md
4.8.10,docs,README.md,README.md,AudioKnigi_Downloader_v4_8_10_Full_Stability_DnD_Fix.zip,04ff3d353b3e8de92a43b735ad9f5ef7536d181b4f244583caf6b283e3b24050,9647,history/variants/docs/4.8.10/README.md
4.8.11,docs,CHANGELOG.md,CHANGELOG.md,AudioKnigi_Downloader_v4_8_11_Thread_UI_Resume_Fix.zip,a12e961fc5a0cb71a842ee6caf2d92ce0f17e35728a7e177a78b3c01f0dfcacd,34458,history/variants/docs/4.8.11/CHANGELOG.md
4.8.11,docs,README.md,README.md,AudioKnigi_Downloader_v4_8_11_Thread_UI_Resume_Fix.zip,3b839473175286ac42d2d3b8c6a0510cf85e855ebe47039bfeb084c088de35a9,10039,history/variants/docs/4.8.11/README.md
4.8.12,docs,CHANGELOG.md,CHANGELOG.md,AudioKnigi_Downloader_v4_8_12_Accessibility_Tray_Linux_Hotkeys_Fix.zip,584704b79734e5139609233c8fe58522913dd07c9590cc4540f3992299d1ac8b,35536,history/variants/docs/4.8.12/CHANGELOG.md
4.8.12,docs,README.md,README.md,AudioKnigi_Downloader_v4_8_12_Accessibility_Tray_Linux_Hotkeys_Fix.zip,1e6bf695e7e804e7b833f18ba55ac009268cfd7090e9c772c0183ce7e3e23a56,10389,history/variants/docs/4.8.12/README.md
4.8.13,docs,CHANGELOG.md,CHANGELOG.md,AudioKnigi_Downloader_v4_8_13_Settings_Autosave_DnD_Search_Fix.zip,8e2bc36691392426c878c978512ac55eb889aa00dae85011ddf05ef93d55e4ef,37742,history/variants/docs/4.8.13/CHANGELOG.md
4.8.13,docs,README.md,README.md,AudioKnigi_Downloader_v4_8_13_Settings_Autosave_DnD_Search_Fix.zip,5e3df2cd8164a7cb4bb9c3d24f2fa9a53cdeb31cb2aa1a601e56dbdd3f349df4,10779,history/variants/docs/4.8.13/README.md
4.8.14,docs,CHANGELOG.md,CHANGELOG.md,AudioKnigi_Downloader_v4_8_14_Runtime_Accessibility_Player_Fix.zip,a34d81a623927b6b0a0691f186efb0ea54631f084395032e9d2a22f40e104b3d,41018,history/variants/docs/4.8.14/CHANGELOG.md
4.8.14,docs,README.md,README.md,AudioKnigi_Downloader_v4_8_14_Runtime_Accessibility_Player_Fix.zip,5a8032ea702d659858f9691b854c61141b61f9e89b3c31896c4b840c6ff4b799,11373,history/variants/docs/4.8.14/README.md
4.8.15,docs,CHANGELOG.md,CHANGELOG.md,AudioKnigi_Downloader_v4_8_15_Full_Audit_Player_UIKit_Fix.zip,85e91c2bcebf8e3762e27d6552c7d2a99c3e9e80222ebb23b1fa81b7606b6a22,42718,history/variants/docs/4.8.15/CHANGELOG.md
4.8.15,docs,README.md,README.md,AudioKnigi_Downloader_v4_8_15_Full_Audit_Player_UIKit_Fix.zip,25145e3bb5a4b444f34cfcc8e37bb52291a3c39e80e41b6955b4b5d7849fc2f5,12072,history/variants/docs/4.8.15/README.md
4.8.16,docs,CHANGELOG.md,CHANGELOG.md,AudioKnigi_Downloader_v4_8_16_Player_Queue_Theme_Lifecycle_Fix.zip,0b249c2128931163aa6719ed1a94fec691c44b17c4cc4589558deea993c8ce9a,44213,history/variants/docs/4.8.16/CHANGELOG.md
4.8.16,docs,README.md,README.md,AudioKnigi_Downloader_v4_8_16_Player_Queue_Theme_Lifecycle_Fix.zip,2a545aeec9c5d2f685afbf6b7973390e2fa69ec3c4441aceadb8ac12ddfd9ad7,12461,history/variants/docs/4.8.16/README.md
4.8.17,docs,CHANGELOG.md,CHANGELOG.md,AudioKnigi_Downloader_v4_8_17_Tabs_Lifecycle_DPI_Fix.zip,730698f99901f0db6193fc9106a8db02651a373aac792d806e2edfbcbbbbc3b8,45026,history/variants/docs/4.8.17/CHANGELOG.md
4.8.17,docs,README.md,README.md,AudioKnigi_Downloader_v4_8_17_Tabs_Lifecycle_DPI_Fix.zip,88a14fce83c7f2a1fd00fb54aa582aa78d34cda0e7830940e659d65a69fcd67c,12697,history/variants/docs/4.8.17/README.md
4.8.18,docs,CHANGELOG.md,CHANGELOG.md,AudioKnigi_Downloader_v4_8_18_Backup_Tray_Settings_i18n_Fix.zip,9e0fb611fb57c75f905c36eddccec84dcb86c5b6d0674dbd46373e99bbc19b18,46287,history/variants/docs/4.8.18/CHANGELOG.md
4.8.18,docs,README.md,README.md,AudioKnigi_Downloader_v4_8_18_Backup_Tray_Settings_i18n_Fix.zip,4457305da48c31ff62fb21e164b1faece29f57a0deb45c4d46a65eddf781839c,13126,history/variants/docs/4.8.18/README.md
4.8.19,docs,CHANGELOG.md,CHANGELOG.md,AudioKnigi_Downloader_v4_8_19_Accessibility_Lifecycle_Search_DnD_Fix.zip,8113ab33a7736dc74d9fffef3ef902b654f736727fececce681c7dc6c789bc6e,47881,history/variants/docs/4.8.19/CHANGELOG.md
4.8.19,docs,README.md,README.md,AudioKnigi_Downloader_v4_8_19_Accessibility_Lifecycle_Search_DnD_Fix.zip,d51d5ca9f4ef530d7d082bd8fe64d9bbc8f8a136dc9fc6f26a6f20232797cd49,13733,history/variants/docs/4.8.19/README.md
4.8.2,docs,CHANGELOG.md,CHANGELOG.md,AudioKnigi_Downloader_v4_8_2_Search_Accuracy_Fix.zip,3fba2383835090350363cdb0c693a0c2dfe46e5f9b3f790afcd68289ab5bde63,15951,history/variants/docs/4.8.2/CHANGELOG.md
4.8.2,docs,README.md,README.md,AudioKnigi_Downloader_v4_8_2_Search_Accuracy_Fix.zip,13dc0d0972f7acd9f9ad684cc4c1547646ac3e58c0076896f481ec8bee9099b1,7405,history/variants/docs/4.8.2/README.md
4.8.20,docs,CHANGELOG.md,CHANGELOG.md,AudioKnigi_Downloader_v4_8_20_Queue_Player_Range_Stability_Fix.zip,360177ca3ecaa089b77ec3b0b1d3a019ad5da8065df47e9efa082e72416ce757,49540,history/variants/docs/4.8.20/CHANGELOG.md
4.8.20,docs,README.md,README.md,AudioKnigi_Downloader_v4_8_20_Queue_Player_Range_Stability_Fix.zip,5bdd06b9bc801d3717552a09f6a6da5bf7122445d2ac1a0ec7311e18766708cb,14157,history/variants/docs/4.8.20/README.md
4.8.21,docs,CHANGELOG.md,CHANGELOG.md,AudioKnigi_Downloader_v4_8_21_Normalization_Focus_Trace_Stability_Fix.zip,cc821f013c3a6bed1e66c64b864fdc6b0bdf34884227cd04da1dbae3205333bc,50809,history/variants/docs/4.8.21/CHANGELOG.md
4.8.21,docs,README.md,README.md,AudioKnigi_Downloader_v4_8_21_Normalization_Focus_Trace_Stability_Fix.zip,4a0787c4d0cbfa70a7f5191166b6b3f08e80f44ef7b69800876a6b4d3d9e44e3,14576,history/variants/docs/4.8.21/README.md
4.8.22,docs,CHANGELOG.md,CHANGELOG.md,AudioKnigi_Downloader_v4_8_22_Branded_TTKBootstrap.zip,8acb91a6fb8f9c8fce5d55dfe59a53bc7e30981b56c68b21d40fe1eb5fbd1210,51973,history/variants/docs/4.8.22/CHANGELOG.md
4.8.22,docs,PRODUCTION_UI.md,PRODUCTION_UI.md,AudioKnigi_Downloader_v4_8_22_Production_UI.zip,9770474922ddf56148e1e6eb367918b3ca8485296936fb2f81ebf081f5709c1e,1054,history/variants/docs/4.8.22/PRODUCTION_UI.md
4.8.22,docs,PRODUCTION_UI.md,PRODUCTION_UI.md,AudioKnigi_Downloader_v4_8_22_Production_UI_Full.zip,d59e3f293d4ff22098b991107d6be27b423ea633406e0be47b04cb765149991b,2255,history/variants/docs/4.8.22/PRODUCTION_UI.md__d59e3f293d
4.8.22,docs,README.md,README.md,AudioKnigi_Downloader_v4_8_22_Branded_TTKBootstrap.zip,54f1f817b4faa2e1fb88c541c7ae35156e884bc5260ecd90d1e81bbed5b6afbe,14604,history/variants/docs/4.8.22/README.md
4.8.3,docs,CHANGELOG.md,CHANGELOG.md,AudioKnigi_Downloader_v4_8_3_UI_Clipboard_Fix.zip,48ba2011f6545f327c7a35dbf8edaa3723834d162e3bf6fcb58996a0102ae477,17049,history/variants/docs/4.8.3/CHANGELOG.md
4.8.3,docs,CHANGELOG.md,CHANGELOG.md,AudioKnigi_Downloader_v4_8_3_Clipboard_UI_Fix.zip,855ef5b7b7398f386c772039a7c91a3751d6ad1291f495d6beec7ce2319045be,16809,history/variants/docs/4.8.3/CHANGELOG.md__855ef5b7b7
4.8.3,docs,README.md,README.md,AudioKnigi_Downloader_v4_8_3_UI_Clipboard_Fix.zip,3df3fd6777fcc9a42583f1785a59879ae7beebe47b5f862ea3c0552c33c76fd1,7621,history/variants/docs/4.8.3/README.md
4.8.4,docs,CHANGELOG.md,CHANGELOG.md,AudioKnigi_Downloader_v4_8_4_Python314_UI_Theme_Fix.zip,e188c8329ec381ad5783ff2a96af978be7b641bedaab4ac7b783adfb5ac27851,18467,history/variants/docs/4.8.4/CHANGELOG.md
4.8.4,docs,README.md,README.md,AudioKnigi_Downloader_v4_8_4_Python314_UI_Theme_Fix.zip,66182323f208e92f34a6cd2f8b38d22ad331b7f51bdc28131578fcbf3b5a2f7f,7862,history/variants/docs/4.8.4/README.md
4.8.5,docs,CHANGELOG.md,CHANGELOG.md,AudioKnigi_Downloader_v4_8_5_Full_UI_Theme_Undo_Fix.zip,b13795ef2d337d96a513717c0a8170563dc4f70eb461cbabc53c48e9cb180012,19533,history/variants/docs/4.8.5/CHANGELOG.md
4.8.5,docs,README.md,README.md,AudioKnigi_Downloader_v4_8_5_Full_UI_Theme_Undo_Fix.zip,c3c7aaba297f08ad04aebb333831e5e1163f7b0c65bcabe1401bd29d99cfcbf2,8187,history/variants/docs/4.8.5/README.md
4.8.6,docs,CHANGELOG.md,CHANGELOG.md,AudioKnigi_Downloader_v4_8_6_Timing_Columns_Fix.zip,a4b27c83776bace045a3039fa1e480f8fb260e7f638a9147faa24beafc845387,20604,history/variants/docs/4.8.6/CHANGELOG.md
4.8.6,docs,README.md,README.md,AudioKnigi_Downloader_v4_8_6_Timing_Columns_Fix.zip,39c55565566176cb265a11744166b503acf6cf8191c7b775760297bfd953030d,8496,history/variants/docs/4.8.6/README.md
4.8.7,docs,CHANGELOG.md,CHANGELOG.md,AudioKnigi_Downloader_v4_8_7_Python314_Recursion_Fix.zip,ec357637c5b0d50d94a9b63346d82d03e808322d0f498c9ef44365f18add212c,21687,history/variants/docs/4.8.7/CHANGELOG.md
4.8.7,docs,README.md,README.md,AudioKnigi_Downloader_v4_8_7_Python314_Recursion_Fix.zip,efc0e2d864ceea44e43bafc777572df6d52ac5251a457120eb1f6a4c4a1a6c64,8735,history/variants/docs/4.8.7/README.md
4.8.8,docs,CHANGELOG.md,CHANGELOG.md,AudioKnigi_Downloader_v4_8_8_Full_Interface_Fix.zip,4bb5251716656f2fe374eb56b728d36722d0a5fc53749f070e19ddb54ed3f436,24547,history/variants/docs/4.8.8/CHANGELOG.md
4.8.8,docs,README.md,README.md,AudioKnigi_Downloader_v4_8_8_Full_Interface_Fix.zip,18154825bd31d5ea961a9d1f5fb614d7f32b7a27a81aa0569c0a664f15b7bf43,9100,history/variants/docs/4.8.8/README.md
4.8.9,docs,CHANGELOG.md,CHANGELOG.md,AudioKnigi_Downloader_v4_8_9_Full_Audit_Fix.zip,8e5e627ee4d1783283cd636a7d901dc917d0bfa9be3d0d85e5c3055d3208b89a,27670,history/variants/docs/4.8.9/CHANGELOG.md
4.8.9,docs,README.md,README.md,AudioKnigi_Downloader_v4_8_9_Full_Audit_Fix.zip,85affda99bc2c354d9839174fdd0bf6ca5f4528768d2c71662673f79861c269a,9327,history/variants/docs/4.8.9/README.md
4.9.0,docs,CHANGELOG.md,CHANGELOG.md,AudioKnigi_Downloader_v4_9_0_Knigavuhe.zip,436b05cb750cee6ecea83c1171bf02b2adb57539f36bb083054db6cf4e8bd816,52713,history/variants/docs/4.9.0/CHANGELOG.md
4.9.0,docs,README.md,README.md,AudioKnigi_Downloader_v4_9_0_Knigavuhe.zip,076508ac7865c0d6e72e5c5d89be4e00437d199aae42be09ccd8a6b59a44867e,15305,history/variants/docs/4.9.0/README.md
4.9.1,docs,CHANGELOG.md,CHANGELOG.md,AudioKnigi_Downloader_v4_9_1_Knigavuhe_Search_Fix.zip,7cb8933a199ef8c04d6842e12c7d888546877996589be1c6c52fb9c767e1b32f,53508,history/variants/docs/4.9.1/CHANGELOG.md
4.9.1,docs,README.md,README.md,AudioKnigi_Downloader_v4_9_1_Knigavuhe_Search_Fix.zip,78f34762a1f0c1f49fcaf455bddc0f06c5a02df8174da9301f55579f96937198,15305,history/variants/docs/4.9.1/README.md
4.9.2,docs,CHANGELOG.md,CHANGELOG.md,AudioKnigi_Downloader_v4_9_2_Knigavuhe_Title_Fix.zip,dc004458caf5655cb541c54707439481e1c2003e26609a5ef589991a5afb842e,54466,history/variants/docs/4.9.2/CHANGELOG.md
4.9.2,docs,README.md,README.md,AudioKnigi_Downloader_v4_9_2_Knigavuhe_Title_Fix.zip,a4c23e304e2a6049dc37d350e5cf099e3dbf1a13d9b7a47beb6dd72ee6838c7e,15305,history/variants/docs/4.9.2/README.md
4.9.3,docs,CHANGELOG.md,CHANGELOG.md,AudioKnigi_Downloader_v4_9_3_Knigavuhe_Readers_Variants.zip,fba6176e0a4f40f984fb6afb8cb0d99cbd6f563ad0b8f4413d088047ae542f46,55434,history/variants/docs/4.9.3/CHANGELOG.md
4.9.3,docs,README.md,README.md,AudioKnigi_Downloader_v4_9_3_Knigavuhe_Readers_Variants.zip,1f9edebb4ec7ba4a7e1c305be5c192e48479994e821c3ea1dc7749bac7c51c0b,15305,history/variants/docs/4.9.3/README.md
4.9.4,docs,CHANGELOG.md,CHANGELOG.md,AudioKnigi_Downloader_v4_9_4_Search_Metadata_Pagination.zip,0644e44a334a9f5595d762f8809b6b1e5c863072dc87a029d5c76fd0f3dae16a,56382,history/variants/docs/4.9.4/CHANGELOG.md
4.9.4,docs,README.md,README.md,AudioKnigi_Downloader_v4_9_4_Search_Metadata_Pagination.zip,518b078bbd3e412ffc562c7882ba4b3a7372e678dd8af5e98a30647cfd3aed5c,15882,history/variants/docs/4.9.4/README.md
4.9.5,docs,CHANGELOG.md,CHANGELOG.md,AudioKnigi_Downloader_v4_9_5_Search_Variants.zip,1e4eb6f0edae750d79d7f8766f287135fa1e80cbefef34cf7455c91cf66b3815,57554,history/variants/docs/4.9.5/CHANGELOG.md
4.9.5,docs,README.md,README.md,AudioKnigi_Downloader_v4_9_5_Search_Variants.zip,43d5be2782d31d537eef265a28af00a936ad7c2cf9b1d65bdb60ebc8f531a4b4,16651,history/variants/docs/4.9.5/README.md
4.9.6,docs,CHANGELOG.md,CHANGELOG.md,AudioKnigi_Downloader_v4_9_6_Audioknigi_Readers.zip,c4ff3c078f2b5b1222f5eac755a4b5351901c83b4863f4e7c058c4ba8077e948,58158,history/variants/docs/4.9.6/CHANGELOG.md
4.9.6,docs,README.md,README.md,AudioKnigi_Downloader_v4_9_6_Audioknigi_Readers.zip,677be712ae568767363884acab117e21b5885bfce2554c9fb15292c4a474e8b5,16840,history/variants/docs/4.9.6/README.md
4.9.7,docs,CHANGELOG.md,CHANGELOG.md,AudioKnigi_Downloader_v4_9_7_Audit_Hardening.zip,29a53072e3e13be6f80a732d1949dbc05f914514957984b51735fa19176a217f,59153,history/variants/docs/4.9.7/CHANGELOG.md
4.9.7,docs,README.md,README.md,AudioKnigi_Downloader_v4_9_7_Audit_Hardening.zip,66a90c5eca225f86ce23c8f7bedac5699ef2ec9ad31770545a2ba605d07d8b67,17477,history/variants/docs/4.9.7/README.md
4.9.8,docs,CHANGELOG.md,CHANGELOG.md,AudioKnigi_Downloader_v4_9_8_Audit_Hardening.zip,ce53da6114abbc1b73e6aedb1a604325d62a5ade9f6a0b4eaeb0c7360810f55a,59882,history/variants/docs/4.9.8/CHANGELOG.md
4.9.8,docs,README.md,README.md,AudioKnigi_Downloader_v4_9_8_Audit_Hardening.zip,da5934ba7d7ae61c068a96110b532591076c9cce6e5aae131e590495f1b1d206,18011,history/variants/docs/4.9.8/README.md
4.9.9,docs,CHANGELOG.md,CHANGELOG.md,AudioKnigi_Downloader_v4_9_9_Reader_Audit_Hardening.zip,3aded3c7d042b80e1253f06609017c8e08f7e8095d1cc7291d0e75e79bb1c796,60790,history/variants/docs/4.9.9/CHANGELOG.md
4.9.9,docs,README.md,README.md,AudioKnigi_Downloader_v4_9_9_Reader_Audit_Hardening.zip,6179b5f59fa8bf42338c3c72f0f5f0ce0c89a1146690c2ebba2e89a8be3e0176,18360,history/variants/docs/4.9.9/README.md
3.0,release,build_exe.bat,build_exe.bat,AudioKnigi_Downloader_v3_0_bundle.zip,7e7c2f62de135b58be664ddc7f71192b13e362556617bce7005adadcff3beb8a,855,history/variants/release/3.0/build_exe.bat
3.0,release,requirements.txt,requirements.txt,AudioKnigi_Downloader_v3_0_bundle.zip,ecda58d49115af24172efa957fc9628aa6ce550f5085aaabbdefa1fb760ac495,47,history/variants/release/3.0/requirements.txt
4.1,release,build_exe_v4_1.bat,build_exe_v4_1.bat,AudioKnigi_Downloader_v4_1_bundle.zip,cce3436879a7d213e8edbeb5ed59056cb4f18215c3e2f83aa560637084ca2860,988,history/variants/release/4.1/build_exe_v4_1.bat
4.1,release,requirements_v4_1.txt,requirements_v4_1.txt,AudioKnigi_Downloader_v4_1_bundle.zip,7837c19c5824816f05a0fb2e6c1fab575a0c96082d3ce40c307048552d31e32d,64,history/variants/release/4.1/requirements_v4_1.txt
4.10.0,release,build_ci.ps1,build_ci.ps1,AudioKnigi_Downloader_v4_10_0_Event_Sounds.zip,1fc8d85801194e7bb0e97bffb464a0015e355b785c59f125d894b292fff309fb,1079,history/variants/release/4.10.0/build_ci.ps1
4.10.0,release,build_exe.bat,build_exe.bat,AudioKnigi_Downloader_v4_10_0_Event_Sounds.zip,97771591a28c6164a110fcf48693ce49ba8ba897312a7851a25fd360b51bd31d,673,history/variants/release/4.10.0/build_exe.bat
4.10.0,release,requirements.txt,requirements.txt,AudioKnigi_Downloader_v4_10_0_Event_Sounds.zip,1c2112144f2ec254d09c48c4aa02c3e7092c15d8c3855a7dd91e88aafc1291a8,185,history/variants/release/4.10.0/requirements.txt
4.12.10,release,build_ci.ps1,build_ci.ps1,AudioKnigi_Downloader_v4_12_10_Missing_Part_Choice_Python_3_14_7.zip,29c4603bea32102a601df1b91d81668803227e14a28f75790963ded6ab39bcf1,4128,history/variants/release/4.12.10/build_ci.ps1
4.12.10,release,build_exe_fixed.bat,build_exe_fixed.bat,AudioKnigi_Downloader_v4_12_10_Missing_Part_Choice_Python_3_14_7.zip,a6338b496a4225f98e14a6e5eaa0c2043c5d490476e2a55ad793516066a7d578,5883,history/variants/release/4.12.10/build_exe_fixed.bat
4.12.11,release,build_ci.ps1,build_ci.ps1,AudioKnigi_Downloader_v4_12_11_Real_FFmpeg_Bundle_Python_3_14_7.zip,26e28cff2b3440731024886c80a86abd2da4aa77abd46babbd7da0216d1f33b6,7760,history/variants/release/4.12.11/build_ci.ps1
4.12.16,release,make_source_release.py,make_source_release.py,AudioKnigi_Downloader_v4_12_16_Event_Bus_Hardening_Python_3_14_7.zip,7cf293e9bf00bbe32346b64b1e1803d8a5152e75153a40f4dad3460e802b3255,1946,history/variants/release/4.12.16/make_source_release.py
4.12.27,release,build_ci.ps1,build_ci.ps1,AudioKnigi_Downloader_v4_12_27_NVDA_JAWS_Tab_Accessibility_Python_3_14_7.zip,79a7dfe1b92a1cfc1df0b161e4e58fa3c23fd9271eb594f6fd98964857664321,7922,history/variants/release/4.12.27/build_ci.ps1
4.12.27,release,build_exe.bat,build_exe.bat,AudioKnigi_Downloader_v4_12_27_NVDA_JAWS_Tab_Accessibility_Python_3_14_7.zip,bfdbecd7b9f33994980fef70d7cc67f2254fb2a20615b831b54e10e039546797,5881,history/variants/release/4.12.27/build_exe.bat
4.12.27,release,requirements.txt,requirements.txt,AudioKnigi_Downloader_v4_12_27_NVDA_JAWS_Tab_Accessibility_Python_3_14_7.zip,046f64608a346d73b2efb873fc674005c656d3a6582e1683a7252b5ce9839293,191,history/variants/release/4.12.27/requirements.txt
4.12.28,release,build_ci.ps1,build_ci.ps1,AudioKnigi_Downloader_v4_12_28_Frozen_Prism_NVDA_JAWS_Fix_Python_3_14_7.zip,433d228a8169fcd468c8a81dcaa8d9862b9406b3d59537dd1eb22852980e6efe,9629,history/variants/release/4.12.28/build_ci.ps1
4.12.29,release,build_exe.bat,build_exe.bat,AudioKnigi_Downloader_v4_12_29_Prism_CFFI_NVDA_JAWS_Frozen_Fix_Python_3_14_7.zip,176a53c81cff391b1a17aa51af159e99642e1929529d95cecb4716f122e387bc,6042,history/variants/release/4.12.29/build_exe.bat
4.12.5,release,build_ci.ps1,build_ci.ps1,AudioKnigi_Downloader_v4_12_5_BUILD_FIXED.zip,f573b5ddcf90e4f42a9244e1440b759a095265d3b55e3e7fd24dd4153279f03c,2640,history/variants/release/4.12.5/build_ci.ps1
4.12.5,release,build_exe.bat,build_exe.bat,AudioKnigi_Downloader_v4_12_5_BUILD_FIXED.zip,44a3740d8ce8b0cdd0b48994b10d6de8fadc15a7ec70a8737c3b159eea4f7189,3018,history/variants/release/4.12.5/build_exe.bat
4.2,release,build_exe_v4_2.bat,build_exe_v4_2.bat,AudioKnigi_Downloader_v4_2_bundle.zip,fe553840861bb99a5bbca420f5d54a8c2ed9c71ca93d323737c0590803a2d4f2,1443,history/variants/release/4.2/build_exe_v4_2.bat
4.2.1,release,build_exe_v4_2_1.bat,build_exe_v4_2_1.bat,AudioKnigi_Downloader_v4_2_1_bundle.zip,ead1ca60a1c9f17db8bd1b9968bc65ad383f8c84f2b683522e1241cdf74892eb,1451,history/variants/release/4.2.1/build_exe_v4_2_1.bat
4.3,release,build_exe_v4_3.bat,build_exe_v4_3.bat,AudioKnigi_Downloader_v4_3_bundle.zip,eb5a0300d92cefecf2f4665b6ebb0270ed3b8cac8ad761f09dde54f281f54a5d,1501,history/variants/release/4.3/build_exe_v4_3.bat
4.3,release,requirements_v4_3.txt,requirements_v4_3.txt,AudioKnigi_Downloader_v4_3_bundle.zip,41be955ddf3330a21830666512935d6596dff44eb504cc79ccec4edff210c075,101,history/variants/release/4.3/requirements_v4_3.txt
4.3.1,release,build_exe_v4_3_1.bat,build_exe_v4_3_1.bat,AudioKnigi_Downloader_v4_3_1_bundle.zip,3b179bdc5018d07bd55dff6ee1ba30667ad94b8a107bfc3ba6aaa3a0d00ac9b0,1568,history/variants/release/4.3.1/build_exe_v4_3_1.bat
4.3.1,release,requirements_v4_3_1.txt,requirements_v4_3_1.txt,AudioKnigi_Downloader_v4_3_1_bundle.zip,e5ad504ffed5b966a5ca579e0ef6afb440d3e73bb3464c4b9800954069352e81,120,history/variants/release/4.3.1/requirements_v4_3_1.txt
4.4,release,build_exe_v4_4.bat,build_exe_v4_4.bat,AudioKnigi_Downloader_v4_4_bundle.zip,171060afe340c74405a4b0e22f334f2b7a11eb71d68f8f2165383fc2a2082cc2,1560,history/variants/release/4.4/build_exe_v4_4.bat
4.4.1,release,build_exe_v4_4_1.bat,build_exe_v4_4_1.bat,AudioKnigi_Downloader_v4_4_1_bundle.zip,12a8dc5bcd7ecb046f94badeb7811a79d756f7df9a790b87191654aa0c5e0d32,1570,history/variants/release/4.4.1/build_exe_v4_4_1.bat
4.5.0,release,build_ci.ps1,build_ci.ps1,AudioKnigi_Downloader_v4_5_0_bundle.zip,6c622e8571a6c3483835333f0fe4dff23bc5d5aa9778130c4f98f475c6b4d2d0,956,history/variants/release/4.5.0/build_ci.ps1
4.5.0,release,build_exe_v4_5_0.bat,build_exe_v4_5_0.bat,AudioKnigi_Downloader_v4_5_0_bundle.zip,58012907946cee1cf3ed631d07ca6b21ac5a0c5b1c3eb0b180bcee0232c4fd51,692,history/variants/release/4.5.0/build_exe_v4_5_0.bat
4.6.0,release,build_ci.ps1,build_ci.ps1,AudioKnigi_Downloader_v4_6_0_bundle.zip,77d7ba351bdefb41d3630714e81ccc55cd602f7166fc1d3fb947697499ea17dc,956,history/variants/release/4.6.0/build_ci.ps1
4.6.0,release,build_exe_v4_6_0.bat,build_exe_v4_6_0.bat,AudioKnigi_Downloader_v4_6_0_bundle.zip,b88af28718910e6de2c2549bce682072dfd5df6fd0e97ea097c7914a8e59d85b,692,history/variants/release/4.6.0/build_exe_v4_6_0.bat
4.6.1,release,build_exe_v4_6_1.bat,build_exe_v4_6_1.bat,AudioKnigi_Downloader_v4_6_1_Visual_Refresh.zip,0efb716bd31985ebf54f3bc6503a4b3fc1a7397f0fd6e762dd7b27464cee208b,692,history/variants/release/4.6.1/build_exe_v4_6_1.bat
4.6.1.1,release,build_ci.ps1,build_ci.ps1,AudioKnigi_Downloader_v4_6_1_1_HiDPI_Fix.zip,e36452d2876f540fd9f385e16a11a2ee450057ad1c4a155abc7aebb45ae080a9,1024,history/variants/release/4.6.1.1/build_ci.ps1
4.6.1.1,release,build_exe_v4_6_1.bat,build_exe_v4_6_1.bat,AudioKnigi_Downloader_v4_6_1_1_HiDPI_Fix.zip,904c6c6c71db71a2e6904c72c19fd1143e81b4db3352b51cb0e88b5736a31ff9,696,history/variants/release/4.6.1.1/build_exe_v4_6_1.bat
4.7.0,release,build_ci.ps1,build_ci.ps1,AudioKnigi_Downloader_v4_7_0_Reliability_Accessibility.zip,9d68715338db6314fb699af71c8f69d97dd51b96334ab5b3eb31d1e613d6a3a2,1024,history/variants/release/4.7.0/build_ci.ps1
4.7.0,release,build_exe_v4_7_0.bat,build_exe_v4_7_0.bat,AudioKnigi_Downloader_v4_7_0_Reliability_Accessibility.zip,116e77b571e9f48c853909e510f78ccdfba937ebdd93f334d8cd29c34dc2a184,692,history/variants/release/4.7.0/build_exe_v4_7_0.bat
4.7.1.1,release,build_ci.ps1,build_ci.ps1,AudioKnigi_Downloader_v4_7_1_1_EventBus_Fix.zip,b7820cefeeb1764084ebc6040e530331f3ea3e6df06a723bb090fdec72d2dd83,1017,history/variants/release/4.7.1.1/build_ci.ps1
4.7.10,release,build_ci.ps1,build_ci.ps1,AudioKnigi_Downloader_v4_7_10_Settings_Lifecycle_Hardening.zip,805c478b1fedda0e0650b02bb62f771c75e5311655bd6e28e3634f7eb78aede0,1080,history/variants/release/4.7.10/build_ci.ps1
4.7.10,release,requirements.txt,requirements.txt,AudioKnigi_Downloader_v4_7_10_Settings_Lifecycle_Hardening.zip,3236b4241bffa9738656520fe870d484fb0f0d3881aba86606d3196e9d916910,170,history/variants/release/4.7.10/requirements.txt
4.8.0,release,requirements.txt,requirements.txt,AudioKnigi_Downloader_v4_8_0_Modern_Accessible_UI.zip,ecf9760cb4be73a79e2dc2f53dfcfcc4441f1fa161908c0bb0174f340a0eccea,172,history/variants/release/4.8.0/requirements.txt
4.10.0,tests,test_accessibility.py,tests/test_accessibility.py,AudioKnigi_Downloader_v4_10_0_Event_Sounds.zip,42899a014b9350d485f434d764f58b01eb4ea487e6fcbd40a1ba0dedb73c6d93,5902,history/variants/tests/4.10.0/test_accessibility.py.history
4.10.0,tests,test_advanced.py,tests/test_advanced.py,AudioKnigi_Downloader_v4_10_0_Event_Sounds.zip,417a97b76188a7ca98f68334ac050057868b55c375b7194c91c93a30a282b893,4386,history/variants/tests/4.10.0/test_advanced.py.history
4.10.0,tests,test_architecture.py,tests/test_architecture.py,AudioKnigi_Downloader_v4_10_0_Event_Sounds.zip,e91a2ddae5ef0c2b29676bb5dc347f5f1ea93cf8ef4885245b1f238fe7287698,3642,history/variants/tests/4.10.0/test_architecture.py.history
4.10.0,tests,test_audio.py,tests/test_audio.py,AudioKnigi_Downloader_v4_10_0_Event_Sounds.zip,5cbf68d0a6006657f1c4f4e5dc2d38f61b2507572224c368a2ccff7309926013,1828,history/variants/tests/4.10.0/test_audio.py.history
4.10.0,tests,test_audit_4710.py,tests/test_audit_4710.py,AudioKnigi_Downloader_v4_10_0_Event_Sounds.zip,0aafeea365603a06611c6e23addf5d8fa271cebfd87709b6e5f7d184c8755959,3326,history/variants/tests/4.10.0/test_audit_4710.py.history
4.10.0,tests,test_audit_475.py,tests/test_audit_475.py,AudioKnigi_Downloader_v4_10_0_Event_Sounds.zip,9db16da60e9b7b2e24a731a05016b8418750d2a99f78ffaf7202c85c06bf99b5,4750,history/variants/tests/4.10.0/test_audit_475.py.history
4.10.0,tests,test_audit_477.py,tests/test_audit_477.py,AudioKnigi_Downloader_v4_10_0_Event_Sounds.zip,53ca743562f0f1511039caebf48ab47a0800c149f73a9a390668426b6f157b11,4906,history/variants/tests/4.10.0/test_audit_477.py.history
4.10.0,tests,test_audit_478.py,tests/test_audit_478.py,AudioKnigi_Downloader_v4_10_0_Event_Sounds.zip,4b844c8bd3d21ca2d05da5a0bd64895fda8da3c939385ea8c05d7d165b587448,7603,history/variants/tests/4.10.0/test_audit_478.py.history
4.10.0,tests,test_audit_4813.py,tests/test_audit_4813.py,AudioKnigi_Downloader_v4_10_0_Event_Sounds.zip,cdb2c54b90425b6f08d33250d491f23caf9ce086f060024b3c32eb47fcda17f4,3268,history/variants/tests/4.10.0/test_audit_4813.py.history
4.10.0,tests,test_audit_4814.py,tests/test_audit_4814.py,AudioKnigi_Downloader_v4_10_0_Event_Sounds.zip,b8c06d622537ace4297f70f01cf5b5ed928b8f92925edcb232d24008b8383dad,9189,history/variants/tests/4.10.0/test_audit_4814.py.history
4.10.0,tests,test_audit_4815.py,tests/test_audit_4815.py,AudioKnigi_Downloader_v4_10_0_Event_Sounds.zip,83100bdf38852ee50b14f7878f5ce12b27b6f536911eb99c17fae554af690924,8507,history/variants/tests/4.10.0/test_audit_4815.py.history
4.10.0,tests,test_audit_4822.py,tests/test_audit_4822.py,AudioKnigi_Downloader_v4_10_0_Event_Sounds.zip,8a1b4d3dffabda231badb1ceab1e8620b8217371638d6fe6f58dec669acf7673,3391,history/variants/tests/4.10.0/test_audit_4822.py.history
4.10.0,tests,test_audit_489.py,tests/test_audit_489.py,AudioKnigi_Downloader_v4_10_0_Event_Sounds.zip,63f062aa23d4954c45f575fe2b7ef3b2d22837e2fd23e4b3820f1569e5b7d9d7,11412,history/variants/tests/4.10.0/test_audit_489.py.history
4.10.0,tests,test_audit_499.py,tests/test_audit_499.py,AudioKnigi_Downloader_v4_10_0_Event_Sounds.zip,c1e947b0a689812477a1e7e1d8676996badf5b4ce7e4d49aae44516082cb8d7c,5685,history/variants/tests/4.10.0/test_audit_499.py.history
4.10.0,tests,test_core.py,tests/test_core.py,AudioKnigi_Downloader_v4_10_0_Event_Sounds.zip,31a7414127db79caff8e9dc5ef1f1c474481e315c54035401a51167a460dc1e9,706,history/variants/tests/4.10.0/test_core.py.history
4.10.0,tests,test_maintenance.py,tests/test_maintenance.py,AudioKnigi_Downloader_v4_10_0_Event_Sounds.zip,75987aba865726b346ddb9e025d35c37537f5ae9be5e7aa452c4272feea49d8f,12173,history/variants/tests/4.10.0/test_maintenance.py.history
4.10.0,tests,test_network_integration.py,tests/test_network_integration.py,AudioKnigi_Downloader_v4_10_0_Event_Sounds.zip,4af12cd909dd7afb97b063c53626ce26f0eafc770ef09e0824c9339310dc1105,3417,history/variants/tests/4.10.0/test_network_integration.py.history
4.10.0,tests,test_range.py,tests/test_range.py,AudioKnigi_Downloader_v4_10_0_Event_Sounds.zip,352ffc435a9ba3031cb0839e69b53efeaf4aec185ddc88a3e02de9cacccb0aac,4873,history/variants/tests/4.10.0/test_range.py.history
4.10.0,tests,test_reported_hardening.py,tests/test_reported_hardening.py,AudioKnigi_Downloader_v4_10_0_Event_Sounds.zip,86843ab078f282f6769f36ccb33e729fa8df107b055b1fc87cebd95adf99c945,2149,history/variants/tests/4.10.0/test_reported_hardening.py.history
4.10.0,tests,test_ui_controls_488.py,tests/test_ui_controls_488.py,AudioKnigi_Downloader_v4_10_0_Event_Sounds.zip,23cadb42f335903db4354c2845cd1156bd3d1f6f5785bc2309c5e03691ff5061,4852,history/variants/tests/4.10.0/test_ui_controls_488.py.history
4.10.0,tests,test_user_experience.py,tests/test_user_experience.py,AudioKnigi_Downloader_v4_10_0_Event_Sounds.zip,e4225b753e03a231f523e48ae9f259a7f5d1736f5125bb3c0f92b39bb6508936,2372,history/variants/tests/4.10.0/test_user_experience.py.history
4.10.1,tests,test_event_sounds_4101.py,tests/test_event_sounds_4101.py,AudioKnigi_Downloader_v4_10_1_Expanded_Event_Sounds.zip,cbcaa25cce45c4d5c70707c130aa773896e5cd63a9c2688f16b038a0ea98b48c,4695,history/variants/tests/4.10.1/test_event_sounds_4101.py.history
4.10.2,tests,test_event_sounds_4102.py,tests/test_event_sounds_4102.py,AudioKnigi_Downloader_v4_10_2_Multilingual_Event_Sounds.zip,ef5ffd25acbd23b60bcf9816050dc3d58663f0f071f63ceb1ed38d5032f5b03d,4392,history/variants/tests/4.10.2/test_event_sounds_4102.py.history
4.10.3,tests,test_event_sounds_4102.py,tests/test_event_sounds_4102.py,AudioKnigi_Downloader_v4_10_3_English_Event_Sounds.zip,2e1ed6814422274137fa28fedb552bcdc3990ac2fc7fc40db0ec85e6268072a7,4388,history/variants/tests/4.10.3/test_event_sounds_4102.py.history
4.10.3,tests,test_event_sounds_4103.py,tests/test_event_sounds_4103.py,AudioKnigi_Downloader_v4_10_3_English_Event_Sounds.zip,95436ae6022f985ae3eb2a61cb0aaaef2f396a94f593b36b81c730433d599287,1154,history/variants/tests/4.10.3/test_event_sounds_4103.py.history
4.12.0,tests,test_user_friendly_4120.py,tests/test_user_friendly_4120.py,AudioKnigi_Downloader_v4_12_0_User_Friendly.zip,4b09c26e079ccac894ed4318366ef374e13ad92f6e1ebb7d716a8368e1aeabb9,7960,history/variants/tests/4.12.0/test_user_friendly_4120.py.history
4.12.1,tests,test_user_friendly_4120.py,tests/test_user_friendly_4120.py,AudioKnigi_Downloader_v4_12_1_Audit_Hardening.zip,7da9a3933a27e6b7a59983d95bfd80cbb30208ba822728c1cefd4f0e9b0ec5a1,7960,history/variants/tests/4.12.1/test_user_friendly_4120.py.history
4.12.10,tests,test_audit_4122.py,tests/test_audit_4122.py,AudioKnigi_Downloader_v4_12_10_Missing_Part_Choice_Python_3_14_7.zip,ca2e159c49c8d1f227497770b08fc939fd6992ec10ca28a2aecba30f17266a88,8470,history/variants/tests/4.12.10/test_audit_4122.py.history
4.12.10,tests,test_keyboard_validation_4125.py,tests/test_keyboard_validation_4125.py,AudioKnigi_Downloader_v4_12_10_Missing_Part_Choice_Python_3_14_7.zip,41631605555cb81534c5ce702a552a4ca97c879c8a6647b5d826fa0109ed9cb3,6025,history/variants/tests/4.12.10/test_keyboard_validation_4125.py.history
4.12.10,tests,test_user_friendly_4120.py,tests/test_user_friendly_4120.py,AudioKnigi_Downloader_v4_12_10_Missing_Part_Choice_Python_3_14_7.zip,2d65b6e703baa34037aadc5223656cc39bd3f1857bb3c462ab52de4c72947cdd,8265,history/variants/tests/4.12.10/test_user_friendly_4120.py.history
4.12.11,tests,test_keyboard_validation_4125.py,tests/test_keyboard_validation_4125.py,AudioKnigi_Downloader_v4_12_11_Real_FFmpeg_Bundle_Python_3_14_7.zip,ae6a3182b22cce29631d5b095cf7f4d7849fd583b75f6110b0ebf7f562493c01,6025,history/variants/tests/4.12.11/test_keyboard_validation_4125.py.history
4.12.11,tests,test_user_friendly_4120.py,tests/test_user_friendly_4120.py,AudioKnigi_Downloader_v4_12_11_Real_FFmpeg_Bundle_Python_3_14_7.zip,502b595819c60fb30d5d8e0e91eb7db6d3173cc8e0bc6c10e097845c0fdc9c04,8265,history/variants/tests/4.12.11/test_user_friendly_4120.py.history
4.12.12,tests,test_keyboard_validation_4125.py,tests/test_keyboard_validation_4125.py,AudioKnigi_Downloader_v4_12_12_Safe_Shutdown_Python_3_14_7.zip,f5ba9eacfccf7bfd70227cc241a8316b25bc8835754a20ea7c5981b98088a540,6025,history/variants/tests/4.12.12/test_keyboard_validation_4125.py.history
4.12.12,tests,test_user_friendly_4120.py,tests/test_user_friendly_4120.py,AudioKnigi_Downloader_v4_12_12_Safe_Shutdown_Python_3_14_7.zip,b83cbb0e87e68321e9df2e6c324f67cde3c2b7ab7e4f12380e592999f838a1f8,8265,history/variants/tests/4.12.12/test_user_friendly_4120.py.history
4.12.13,tests,test_keyboard_validation_4125.py,tests/test_keyboard_validation_4125.py,AudioKnigi_Downloader_v4_12_13_Logic_I18n_Hardening_Python_3_14_7.zip,cf739ea96deadd783de85606eb6c24acd246a7160f6e134a8db081515d00dd1d,6025,history/variants/tests/4.12.13/test_keyboard_validation_4125.py.history
4.12.13,tests,test_user_friendly_4120.py,tests/test_user_friendly_4120.py,AudioKnigi_Downloader_v4_12_13_Logic_I18n_Hardening_Python_3_14_7.zip,c0de10f5863892cc2574a0333cdc4e33440037f06a330bf1b8f3a47b66776092,8265,history/variants/tests/4.12.13/test_user_friendly_4120.py.history
4.12.14,tests,test_keyboard_validation_4125.py,tests/test_keyboard_validation_4125.py,AudioKnigi_Downloader_v4_12_14_UX_Diagnostics_Python_3_14_7.zip,35d528ea1d2c57d359569361225ede163f7c1eb00cd95159d6420d762d4a66c1,6025,history/variants/tests/4.12.14/test_keyboard_validation_4125.py.history
4.12.14,tests,test_user_friendly_4120.py,tests/test_user_friendly_4120.py,AudioKnigi_Downloader_v4_12_14_UX_Diagnostics_Python_3_14_7.zip,c6fb9806c4098dbaaf5df75040a9c959b5914de608487c9d769967423b0b3c39,8265,history/variants/tests/4.12.14/test_user_friendly_4120.py.history
4.12.15,tests,test_architecture.py,tests/test_architecture.py,AudioKnigi_Downloader_v4_12_15_Full_Book_Flow_Logging_Python_3_14_7.zip,808aaeb83d1d9d96e390e5853e24fa4997d02de44d9170aad99c43543edafcbe,3642,history/variants/tests/4.12.15/test_architecture.py.history
4.12.15,tests,test_keyboard_validation_4125.py,tests/test_keyboard_validation_4125.py,AudioKnigi_Downloader_v4_12_15_Full_Book_Flow_Logging_Python_3_14_7.zip,4a1639fd71775d5e949dd67b0807e03f2f39a0d087da79cecde4b5b2b1d5eab2,6025,history/variants/tests/4.12.15/test_keyboard_validation_4125.py.history
4.12.15,tests,test_user_friendly_4120.py,tests/test_user_friendly_4120.py,AudioKnigi_Downloader_v4_12_15_Full_Book_Flow_Logging_Python_3_14_7.zip,d99a781b30af04b68af6b4a243085b967915c7f5504cda9a6b21c24b33660a50,8265,history/variants/tests/4.12.15/test_user_friendly_4120.py.history
4.12.16,tests,test_audit_478.py,tests/test_audit_478.py,AudioKnigi_Downloader_v4_12_16_Event_Bus_Hardening_Python_3_14_7.zip,953bc6ad7abf8b505a077da855d1f9648c95700d3bbeb1b05a198bc9fbf88a8c,7813,history/variants/tests/4.12.16/test_audit_478.py.history
4.12.16,tests,test_keyboard_validation_4125.py,tests/test_keyboard_validation_4125.py,AudioKnigi_Downloader_v4_12_16_Event_Bus_Hardening_Python_3_14_7.zip,5e6cc4a6968351b1f5b82e162c1a8a2580b54a13c7146e031916efec04cae294,6025,history/variants/tests/4.12.16/test_keyboard_validation_4125.py.history
4.12.16,tests,test_user_friendly_4120.py,tests/test_user_friendly_4120.py,AudioKnigi_Downloader_v4_12_16_Event_Bus_Hardening_Python_3_14_7.zip,30b1db8bcd0435bf07941cae18dda2d169fe46cdcc7c56e184dada8065c83b7c,8265,history/variants/tests/4.12.16/test_user_friendly_4120.py.history
4.12.17,tests,test_audit_4815.py,tests/test_audit_4815.py,AudioKnigi_Downloader_v4_12_17_Bulk_Selection_One_Button_Player_Python_3_14_7.zip,ffa8885b7bc72d483a34b0d5c3fd8c84a2e9fcfee91c5e7dc208c142624a0745,8513,history/variants/tests/4.12.17/test_audit_4815.py.history
4.12.17,tests,test_audit_489.py,tests/test_audit_489.py,AudioKnigi_Downloader_v4_12_17_Bulk_Selection_One_Button_Player_Python_3_14_7.zip,bebf9df9680bbe802a56ee7cddcb5ef64bda259fe1688962126384a38530f4dc,11426,history/variants/tests/4.12.17/test_audit_489.py.history
4.12.17,tests,test_keyboard_validation_4125.py,tests/test_keyboard_validation_4125.py,AudioKnigi_Downloader_v4_12_17_Bulk_Selection_One_Button_Player_Python_3_14_7.zip,a6ae03374c851fd752d110cef2b747aa56cdb31ae27527f5eb232d8d50515679,6025,history/variants/tests/4.12.17/test_keyboard_validation_4125.py.history
4.12.17,tests,test_user_friendly_4120.py,tests/test_user_friendly_4120.py,AudioKnigi_Downloader_v4_12_17_Bulk_Selection_One_Button_Player_Python_3_14_7.zip,ceb4e3be233b1ee3224caf6b9d0ee010144cde347594f745cf1eefb6bb708ca4,8265,history/variants/tests/4.12.17/test_user_friendly_4120.py.history
4.12.18,tests,test_keyboard_validation_4125.py,tests/test_keyboard_validation_4125.py,AudioKnigi_Downloader_v4_12_18_Stable_Source_Mapping_Python_3_14_7.zip,7ee5c03c987af113b0d3b2fdc0f11aa884da3b8665754c7f3a339deb23d5ea57,6025,history/variants/tests/4.12.18/test_keyboard_validation_4125.py.history
4.12.18,tests,test_user_friendly_4120.py,tests/test_user_friendly_4120.py,AudioKnigi_Downloader_v4_12_18_Stable_Source_Mapping_Python_3_14_7.zip,6ef189b3cb0829c75890dba9d2e04d2a64b8905176750f30ea303fb5bb3452e4,8265,history/variants/tests/4.12.18/test_user_friendly_4120.py.history
4.12.19,tests,test_duplicate_cancel_41219.py,tests/test_duplicate_cancel_41219.py,AudioKnigi_Downloader_v4_12_19_Auto_Duplicate_Reliable_Cancel_Python_3_14_7.zip,def3b10cb42eeedb9c3f9d579458e1f444d8b83216bbe60fcbb9c9d759aeaab7,6321,history/variants/tests/4.12.19/test_duplicate_cancel_41219.py.history
4.12.19,tests,test_keyboard_validation_4125.py,tests/test_keyboard_validation_4125.py,AudioKnigi_Downloader_v4_12_19_Auto_Duplicate_Reliable_Cancel_Python_3_14_7.zip,da39154d731139b9baf8f9061d8bd45523dbbe689dbb706da5fb1923009c8bef,6025,history/variants/tests/4.12.19/test_keyboard_validation_4125.py.history
4.12.19,tests,test_user_friendly_4120.py,tests/test_user_friendly_4120.py,AudioKnigi_Downloader_v4_12_19_Auto_Duplicate_Reliable_Cancel_Python_3_14_7.zip,885d3b46e61aa128768f9063c348fa3b07b402455823504f425f14c51963cb4c,8265,history/variants/tests/4.12.19/test_user_friendly_4120.py.history
4.12.2,tests,test_user_friendly_4120.py,tests/test_user_friendly_4120.py,AudioKnigi_Downloader_v4_12_2_Audit_Hardening.zip,b1d53569ca56f9c5e1fdbc73825715e9f7069ee11c76e080d00b46ada8d6b005,7960,history/variants/tests/4.12.2/test_user_friendly_4120.py.history
4.12.20,tests,test_keyboard_validation_4125.py,tests/test_keyboard_validation_4125.py,AudioKnigi_Downloader_v4_12_20_MP3_Only_Complete_Help_Python_3_14_7.zip,9e5219dee2f72481e74c7bb1c60dd06addfa82af389295a4445babcb202e767d,7497,history/variants/tests/4.12.20/test_keyboard_validation_4125.py.history
4.12.20,tests,test_mp3_only_help_hotkeys_41220.py,tests/test_mp3_only_help_hotkeys_41220.py,AudioKnigi_Downloader_v4_12_20_MP3_Only_Complete_Help_Python_3_14_7.zip,e2b3678a99d0673f0c2331a22f35fb5dbbf335e63fef689016929a73eb1ca747,4194,history/variants/tests/4.12.20/test_mp3_only_help_hotkeys_41220.py.history
4.12.20,tests,test_user_friendly_4120.py,tests/test_user_friendly_4120.py,AudioKnigi_Downloader_v4_12_20_MP3_Only_Complete_Help_Python_3_14_7.zip,3eb0f89f75eb74f42a3789d00aa74557b75d02eaeaf566365015635de97c9a46,8143,history/variants/tests/4.12.20/test_user_friendly_4120.py.history
4.12.21,tests,test_hidden_media_maximized_41221.py,tests/test_hidden_media_maximized_41221.py,AudioKnigi_Downloader_v4_12_21_Hidden_FFmpeg_Maximized_Start_Python_3_14_7.zip,1cc12d0d1b73f90f3d320d3804b8877d83f72930ff6b7b30a27640bb9290dd1d,4957,history/variants/tests/4.12.21/test_hidden_media_maximized_41221.py.history
4.12.21,tests,test_keyboard_validation_4125.py,tests/test_keyboard_validation_4125.py,AudioKnigi_Downloader_v4_12_21_Hidden_FFmpeg_Maximized_Start_Python_3_14_7.zip,85acf0efcce840154b6139869c34d4174426aa86abdba5b388e0dd2441d70641,7497,history/variants/tests/4.12.21/test_keyboard_validation_4125.py.history
4.12.21,tests,test_mp3_only_help_hotkeys_41220.py,tests/test_mp3_only_help_hotkeys_41220.py,AudioKnigi_Downloader_v4_12_21_Hidden_FFmpeg_Maximized_Start_Python_3_14_7.zip,0556f3729a9b467bf82c7f5ea58229f517aeaf0664292a1ccae6aad1d2ebda3e,4194,history/variants/tests/4.12.21/test_mp3_only_help_hotkeys_41220.py.history
4.12.21,tests,test_user_friendly_4120.py,tests/test_user_friendly_4120.py,AudioKnigi_Downloader_v4_12_21_Hidden_FFmpeg_Maximized_Start_Python_3_14_7.zip,e0089131d4aab44616edc877fbeb1d25df8bcc1059b06b84e2d28b8c9bd3d135,8143,history/variants/tests/4.12.21/test_user_friendly_4120.py.history
4.12.22,tests,test_hidden_media_maximized_41221.py,tests/test_hidden_media_maximized_41221.py,AudioKnigi_Downloader_v4_12_22_One_Toggle_Bulk_Selection_Python_3_14_7.zip,ad1a8f10cbf75f1700ba2d81246710e2fce73ce6ea3e4d31db4df7116952bafc,4957,history/variants/tests/4.12.22/test_hidden_media_maximized_41221.py.history
4.12.22,tests,test_keyboard_validation_4125.py,tests/test_keyboard_validation_4125.py,AudioKnigi_Downloader_v4_12_22_One_Toggle_Bulk_Selection_Python_3_14_7.zip,7f7a99fc7e469388132715552e7a4ac23c2ffdc76d3a8eb9e4625e3f3a385759,7497,history/variants/tests/4.12.22/test_keyboard_validation_4125.py.history
4.12.22,tests,test_mp3_only_help_hotkeys_41220.py,tests/test_mp3_only_help_hotkeys_41220.py,AudioKnigi_Downloader_v4_12_22_One_Toggle_Bulk_Selection_Python_3_14_7.zip,e4fe1717145022fcf65579da6166c8d2568606a12b1695d6a1e72de0d9c47603,4194,history/variants/tests/4.12.22/test_mp3_only_help_hotkeys_41220.py.history
4.12.22,tests,test_user_friendly_4120.py,tests/test_user_friendly_4120.py,AudioKnigi_Downloader_v4_12_22_One_Toggle_Bulk_Selection_Python_3_14_7.zip,f88ddc3189d1c174f26171f62292cf225b4b832bd9bb6dc24c900a91f178df30,8143,history/variants/tests/4.12.22/test_user_friendly_4120.py.history
4.12.23,tests,test_hidden_media_maximized_41221.py,tests/test_hidden_media_maximized_41221.py,AudioKnigi_Downloader_v4_12_23_Audit_Hardening_Adaptive_Range_Python_3_14_7.zip,f5f98464c758aaa9d58b7eb458e1db8293651998440a234226a3ca141d1b7803,4957,history/variants/tests/4.12.23/test_hidden_media_maximized_41221.py.history
4.12.23,tests,test_keyboard_validation_4125.py,tests/test_keyboard_validation_4125.py,AudioKnigi_Downloader_v4_12_23_Audit_Hardening_Adaptive_Range_Python_3_14_7.zip,7ab7b5e35157ab6831ef61a7aee9b45d8fe847f8a97ec179848dc2c144849950,7497,history/variants/tests/4.12.23/test_keyboard_validation_4125.py.history
4.12.23,tests,test_mp3_only_help_hotkeys_41220.py,tests/test_mp3_only_help_hotkeys_41220.py,AudioKnigi_Downloader_v4_12_23_Audit_Hardening_Adaptive_Range_Python_3_14_7.zip,708ea43995a03d59f2aa97f8cdc65a1568d2b903265d37cb3e897479828e60eb,4194,history/variants/tests/4.12.23/test_mp3_only_help_hotkeys_41220.py.history
4.12.23,tests,test_user_friendly_4120.py,tests/test_user_friendly_4120.py,AudioKnigi_Downloader_v4_12_23_Audit_Hardening_Adaptive_Range_Python_3_14_7.zip,b5a0aedaf39b23b0f7deaeb349135ed66501e5918d2ae52748921eeff60c8f2e,8143,history/variants/tests/4.12.23/test_user_friendly_4120.py.history
4.12.24,tests,test_hidden_media_maximized_41221.py,tests/test_hidden_media_maximized_41221.py,AudioKnigi_Downloader_v4_12_24_Direct_Slider_Queue_Revalidation_Python_3_14_7.zip,17306c4a909ddbe291d7de7a14de74fd17a46ccadbe1f62da4eb123625bb9a4c,4957,history/variants/tests/4.12.24/test_hidden_media_maximized_41221.py.history
4.12.24,tests,test_keyboard_validation_4125.py,tests/test_keyboard_validation_4125.py,AudioKnigi_Downloader_v4_12_24_Direct_Slider_Queue_Revalidation_Python_3_14_7.zip,5926b9e4680e2820796657e082af619d2efe466217e64092c5b566158c5de79c,7497,history/variants/tests/4.12.24/test_keyboard_validation_4125.py.history
4.12.24,tests,test_mp3_only_help_hotkeys_41220.py,tests/test_mp3_only_help_hotkeys_41220.py,AudioKnigi_Downloader_v4_12_24_Direct_Slider_Queue_Revalidation_Python_3_14_7.zip,0254e88a3a77a17fa5db19a3d3430377c9d4659a782a920ea54e44edc2597299,4194,history/variants/tests/4.12.24/test_mp3_only_help_hotkeys_41220.py.history
4.12.24,tests,test_user_friendly_4120.py,tests/test_user_friendly_4120.py,AudioKnigi_Downloader_v4_12_24_Direct_Slider_Queue_Revalidation_Python_3_14_7.zip,a2c0d3bc7e98314bd8f715c9cc4b97d3e2cc1b800d712be45cf49cc89fe52afa,8143,history/variants/tests/4.12.24/test_user_friendly_4120.py.history
4.12.25,tests,test_hidden_media_maximized_41221.py,tests/test_hidden_media_maximized_41221.py,AudioKnigi_Downloader_v4_12_25_Sidecar_Duplicate_Fallback_Python_3_14_7.zip,3007170c7526739b71f428f44c47319a38b018c4814d6ae09b9ced4bcc6e1300,4957,history/variants/tests/4.12.25/test_hidden_media_maximized_41221.py.history
4.12.25,tests,test_keyboard_validation_4125.py,tests/test_keyboard_validation_4125.py,AudioKnigi_Downloader_v4_12_25_Sidecar_Duplicate_Fallback_Python_3_14_7.zip,17e889d50f4a480cfd85ceaea351bc3469d204a6f5e8a7eb0092f8e7e319ad06,7497,history/variants/tests/4.12.25/test_keyboard_validation_4125.py.history
4.12.25,tests,test_mp3_only_help_hotkeys_41220.py,tests/test_mp3_only_help_hotkeys_41220.py,AudioKnigi_Downloader_v4_12_25_Sidecar_Duplicate_Fallback_Python_3_14_7.zip,56f1cef311fe911f4034318a264dc329f5fe30223d59869677f66216c0cd7a4a,4194,history/variants/tests/4.12.25/test_mp3_only_help_hotkeys_41220.py.history
4.12.25,tests,test_user_friendly_4120.py,tests/test_user_friendly_4120.py,AudioKnigi_Downloader_v4_12_25_Sidecar_Duplicate_Fallback_Python_3_14_7.zip,1f9b27d5200d10cf35eadb2086e01ff63e11e443a8935c6253fcf74f728a01ff,8143,history/variants/tests/4.12.25/test_user_friendly_4120.py.history
4.12.26,tests,test_hidden_media_maximized_41221.py,tests/test_hidden_media_maximized_41221.py,AudioKnigi_Downloader_v4_12_26_Event_Sound_Coverage_System_Fallback_Python_3_14_7.zip,b4d2af098cb1f833aea10cbeaa19660fad145feb5a6637e3c2fa62b40bc39dcd,4957,history/variants/tests/4.12.26/test_hidden_media_maximized_41221.py.history
4.12.26,tests,test_keyboard_validation_4125.py,tests/test_keyboard_validation_4125.py,AudioKnigi_Downloader_v4_12_26_Event_Sound_Coverage_System_Fallback_Python_3_14_7.zip,61db68df99bf8d825faaac87156d6bc6ab5c786aa866708b886c6f856597d2a3,7497,history/variants/tests/4.12.26/test_keyboard_validation_4125.py.history
4.12.26,tests,test_mp3_only_help_hotkeys_41220.py,tests/test_mp3_only_help_hotkeys_41220.py,AudioKnigi_Downloader_v4_12_26_Event_Sound_Coverage_System_Fallback_Python_3_14_7.zip,99cd2b38fdded435e74940728ce85e674dbbae24e42bc2c9f64de23c824ca066,4194,history/variants/tests/4.12.26/test_mp3_only_help_hotkeys_41220.py.history
4.12.26,tests,test_user_friendly_4120.py,tests/test_user_friendly_4120.py,AudioKnigi_Downloader_v4_12_26_Event_Sound_Coverage_System_Fallback_Python_3_14_7.zip,1280572fdb663f47bec9ae6ffc1b9073b9193bf62a1861da4d432818bfa4d15d,8143,history/variants/tests/4.12.26/test_user_friendly_4120.py.history
4.12.27,tests,test_hidden_media_maximized_41221.py,tests/test_hidden_media_maximized_41221.py,AudioKnigi_Downloader_v4_12_27_NVDA_JAWS_Tab_Accessibility_Python_3_14_7.zip,a35a16f9e7a98e2c0e2a7ef4719a888a425384d017e35a9a667196794217eb1c,4957,history/variants/tests/4.12.27/test_hidden_media_maximized_41221.py.history
4.12.27,tests,test_keyboard_validation_4125.py,tests/test_keyboard_validation_4125.py,AudioKnigi_Downloader_v4_12_27_NVDA_JAWS_Tab_Accessibility_Python_3_14_7.zip,aa8275252fa63494d0b101d3477e994732ebb41e0216ba4187445aa43f901895,7497,history/variants/tests/4.12.27/test_keyboard_validation_4125.py.history
4.12.27,tests,test_mp3_only_help_hotkeys_41220.py,tests/test_mp3_only_help_hotkeys_41220.py,AudioKnigi_Downloader_v4_12_27_NVDA_JAWS_Tab_Accessibility_Python_3_14_7.zip,c932312b7bc7b4f168bd2a6eededed70a266b368804e72644537b4482e5f91f5,4194,history/variants/tests/4.12.27/test_mp3_only_help_hotkeys_41220.py.history
4.12.27,tests,test_screenreader_focus_41227.py,tests/test_screenreader_focus_41227.py,AudioKnigi_Downloader_v4_12_27_NVDA_JAWS_Tab_Accessibility_Python_3_14_7.zip,80599240e8dd4f133210de62f032caf4215ed77c7e208e109f56ab8adcdbfc27,5580,history/variants/tests/4.12.27/test_screenreader_focus_41227.py.history
4.12.27,tests,test_user_friendly_4120.py,tests/test_user_friendly_4120.py,AudioKnigi_Downloader_v4_12_27_NVDA_JAWS_Tab_Accessibility_Python_3_14_7.zip,8686594f599046815a79246c18001e5c78979ff8be0d5b4bc01eee37a3136a41,8143,history/variants/tests/4.12.27/test_user_friendly_4120.py.history
4.12.28,tests,test_frozen_prism_packaging_41228.py,tests/test_frozen_prism_packaging_41228.py,AudioKnigi_Downloader_v4_12_28_Frozen_Prism_NVDA_JAWS_Fix_Python_3_14_7.zip,f045562c49b372580d88d9b2cb84ae326439b7a35d0ff40be96ff80b827acb60,3441,history/variants/tests/4.12.28/test_frozen_prism_packaging_41228.py.history
4.12.28,tests,test_hidden_media_maximized_41221.py,tests/test_hidden_media_maximized_41221.py,AudioKnigi_Downloader_v4_12_28_Frozen_Prism_NVDA_JAWS_Fix_Python_3_14_7.zip,a580a7e6e546e0070904395fecd4c7ad045e99665899851dbc06ab4e104b973e,4957,history/variants/tests/4.12.28/test_hidden_media_maximized_41221.py.history
4.12.28,tests,test_keyboard_validation_4125.py,tests/test_keyboard_validation_4125.py,AudioKnigi_Downloader_v4_12_28_Frozen_Prism_NVDA_JAWS_Fix_Python_3_14_7.zip,b25d89bd39f87fb2d512851c1dd208af4e8c17626cbb539b8db81adaafa587db,7497,history/variants/tests/4.12.28/test_keyboard_validation_4125.py.history
4.12.28,tests,test_mp3_only_help_hotkeys_41220.py,tests/test_mp3_only_help_hotkeys_41220.py,AudioKnigi_Downloader_v4_12_28_Frozen_Prism_NVDA_JAWS_Fix_Python_3_14_7.zip,782f4360df7f33950d4834ac47e2c9e1df213182dac520be6a71cae1a7a4b708,4194,history/variants/tests/4.12.28/test_mp3_only_help_hotkeys_41220.py.history
4.12.28,tests,test_screenreader_focus_41227.py,tests/test_screenreader_focus_41227.py,AudioKnigi_Downloader_v4_12_28_Frozen_Prism_NVDA_JAWS_Fix_Python_3_14_7.zip,18604453d9b475e10ecc3a1a106cd4528408229fab3771936317795824c1af4a,5864,history/variants/tests/4.12.28/test_screenreader_focus_41227.py.history
4.12.28,tests,test_user_friendly_4120.py,tests/test_user_friendly_4120.py,AudioKnigi_Downloader_v4_12_28_Frozen_Prism_NVDA_JAWS_Fix_Python_3_14_7.zip,f21a8344da9bd61d72d7e1de8b0bc1864b9f692953f7a0a11a8a6779a7c3d3bf,8143,history/variants/tests/4.12.28/test_user_friendly_4120.py.history
4.12.29,tests,test_hidden_media_maximized_41221.py,tests/test_hidden_media_maximized_41221.py,AudioKnigi_Downloader_v4_12_29_Prism_CFFI_NVDA_JAWS_Frozen_Fix_Python_3_14_7.zip,d59321d80bf3ca622a8db7e296f7cd49d193ca16ddae74d84da38da55379ad2e,4957,history/variants/tests/4.12.29/test_hidden_media_maximized_41221.py.history
4.12.29,tests,test_keyboard_validation_4125.py,tests/test_keyboard_validation_4125.py,AudioKnigi_Downloader_v4_12_29_Prism_CFFI_NVDA_JAWS_Frozen_Fix_Python_3_14_7.zip,c8bd601c4def3efd04571a6ed1025532f3a1b3b1c8e74f1cb90979ed06cca484,7497,history/variants/tests/4.12.29/test_keyboard_validation_4125.py.history
4.12.29,tests,test_mp3_only_help_hotkeys_41220.py,tests/test_mp3_only_help_hotkeys_41220.py,AudioKnigi_Downloader_v4_12_29_Prism_CFFI_NVDA_JAWS_Frozen_Fix_Python_3_14_7.zip,e781ad83a96e9e977480ac1bcd0fc16a655079b3eba8a15a6c526d573bd2fbd5,4194,history/variants/tests/4.12.29/test_mp3_only_help_hotkeys_41220.py.history
4.12.29,tests,test_prism_cffi_packaging_41229.py,tests/test_prism_cffi_packaging_41229.py,AudioKnigi_Downloader_v4_12_29_Prism_CFFI_NVDA_JAWS_Frozen_Fix_Python_3_14_7.zip,ead20d454033ba0df73748f1ff75644df40bdac723278f8da573d3b158aadf62,2074,history/variants/tests/4.12.29/test_prism_cffi_packaging_41229.py.history
4.12.29,tests,test_user_friendly_4120.py,tests/test_user_friendly_4120.py,AudioKnigi_Downloader_v4_12_29_Prism_CFFI_NVDA_JAWS_Frozen_Fix_Python_3_14_7.zip,cf9eb0d0a53aab664d49d1b979c9ee7ab598ea453f83784730dc9f1d0732435a,8143,history/variants/tests/4.12.29/test_user_friendly_4120.py.history
4.12.3,tests,test_scale_default_4123.py,tests/test_scale_default_4123.py,AudioKnigi_Downloader_v4_12_3_Default_100_Scale.zip,a27e25fbfac7d4e7fdf4f9fa4d2603e768f4871076c9ae0d5ac8b1032e280382,1628,history/variants/tests/4.12.3/test_scale_default_4123.py.history
4.12.3,tests,test_user_friendly_4120.py,tests/test_user_friendly_4120.py,AudioKnigi_Downloader_v4_12_3_Default_100_Scale.zip,8034b3962549c0c72cadad3d9dd6d508716888cd33a22f538caf44c127d03a19,7960,history/variants/tests/4.12.3/test_user_friendly_4120.py.history
4.12.30,tests,test_hidden_media_maximized_41221.py,tests/test_hidden_media_maximized_41221.py,AudioKnigi_Downloader_v4_12_30_Complete_NVDA_JAWS_Feedback_Python_3_14_7.zip,943cd22f246a8017793f5ffc12b0aeed9e48ab0dc41a8c939078152c08ab3c6f,4957,history/variants/tests/4.12.30/test_hidden_media_maximized_41221.py.history
4.12.30,tests,test_keyboard_validation_4125.py,tests/test_keyboard_validation_4125.py,AudioKnigi_Downloader_v4_12_30_Complete_NVDA_JAWS_Feedback_Python_3_14_7.zip,ceba519147d4e706cc13e2c2afe87132b670bcd02290ee120e6aacfc8415a96e,7497,history/variants/tests/4.12.30/test_keyboard_validation_4125.py.history
4.12.30,tests,test_mp3_only_help_hotkeys_41220.py,tests/test_mp3_only_help_hotkeys_41220.py,AudioKnigi_Downloader_v4_12_30_Complete_NVDA_JAWS_Feedback_Python_3_14_7.zip,0b32de96c5e90646ca271061e934a7771613b794dee6e6a68fbeac7c81b37f3f,4194,history/variants/tests/4.12.30/test_mp3_only_help_hotkeys_41220.py.history
4.12.30,tests,test_prism_cffi_packaging_41229.py,tests/test_prism_cffi_packaging_41229.py,AudioKnigi_Downloader_v4_12_30_Complete_NVDA_JAWS_Feedback_Python_3_14_7.zip,da49a654fce81c9f2ef8dd71949c48c1d03fcdcf08f45c2dad29b76ca71c1759,2074,history/variants/tests/4.12.30/test_prism_cffi_packaging_41229.py.history
4.12.30,tests,test_user_friendly_4120.py,tests/test_user_friendly_4120.py,AudioKnigi_Downloader_v4_12_30_Complete_NVDA_JAWS_Feedback_Python_3_14_7.zip,e878d419ff33c43b5a107ada640a47a3f33e1ea344984f646b2039a35b939013,8143,history/variants/tests/4.12.30/test_user_friendly_4120.py.history
4.12.4,tests,test_combobox_scroll_4124.py,tests/test_combobox_scroll_4124.py,AudioKnigi_Downloader_v4_12_4_Combobox_Scroll_Guard.zip,ad79948a5256087762fe613aaf9a17d7747260825e662b9846664283242dfe02,2239,history/variants/tests/4.12.4/test_combobox_scroll_4124.py.history
4.12.4,tests,test_user_friendly_4120.py,tests/test_user_friendly_4120.py,AudioKnigi_Downloader_v4_12_4_Combobox_Scroll_Guard.zip,5f945c5cb59c4c0577c17801a61ea88a910b1140e2280c1116bccca6024bb1bb,7960,history/variants/tests/4.12.4/test_user_friendly_4120.py.history
4.12.5,tests,test_audit_4810.py,tests/test_audit_4810.py,AudioKnigi_Downloader_v4_12_5_Keyboard_Dialog_Accessibility.zip,feba8dcd2cef6d76e09cceea28e1f069deb211743c564c67b57e303be463d7ad,6499,history/variants/tests/4.12.5/test_audit_4810.py.history
4.12.5,tests,test_keyboard_dialog_4125.py,tests/test_keyboard_dialog_4125.py,AudioKnigi_Downloader_v4_12_5_Keyboard_Dialog_Accessibility.zip,c885b913243351154929f79efa2894036792117c1d09c1e6a4e39210a61d6e1f,6350,history/variants/tests/4.12.5/test_keyboard_dialog_4125.py.history
4.12.5,tests,test_keyboard_validation_4125.py,tests/test_keyboard_validation_4125.py,AudioKnigi_Downloader_v4_12_5_BUILD_FIXED.zip,de0e12bccab548655b37ce84cf2d6c456ccd48cd784248bbb65e9d2fc8969761,6024,history/variants/tests/4.12.5/test_keyboard_validation_4125.py.history
4.12.5,tests,test_user_friendly_4120.py,tests/test_user_friendly_4120.py,AudioKnigi_Downloader_v4_12_5_BUILD_FIXED.zip,7a8f57681ff659ccb3044f22fdb807b96fc40ddee5ea9962e7cb02edc849f853,7960,history/variants/tests/4.12.5/test_user_friendly_4120.py.history
4.12.6,tests,test_keyboard_validation_4125.py,tests/test_keyboard_validation_4125.py,AudioKnigi_Downloader_v4_12_6_Scale_Combobox_Wheel_Fix.zip,e228a0d5f0895fc9b35d42d1f4f31744e928e792c1396cf9e984c67d86781771,6024,history/variants/tests/4.12.6/test_keyboard_validation_4125.py.history
4.12.6,tests,test_user_friendly_4120.py,tests/test_user_friendly_4120.py,AudioKnigi_Downloader_v4_12_6_Scale_Combobox_Wheel_Fix.zip,0c38edac0c31724d42fadd87b3527e43335482ac009a056d262d72e5910e733b,7960,history/variants/tests/4.12.6/test_user_friendly_4120.py.history
4.12.7,tests,test_keyboard_validation_4125.py,tests/test_keyboard_validation_4125.py,AudioKnigi_Downloader_v4_12_7_Python_3_14_7_Build.zip,18ce56f03e8f3b6b299a86f91660e4f4d0230a0b2a2d6ff9320c8c3152402304,6024,history/variants/tests/4.12.7/test_keyboard_validation_4125.py.history
4.12.7,tests,test_user_friendly_4120.py,tests/test_user_friendly_4120.py,AudioKnigi_Downloader_v4_12_7_Python_3_14_7_Build.zip,87a5a744d53650acefadc7ada39120e76f2f12be68706c0c492f5fadaee29f39,8264,history/variants/tests/4.12.7/test_user_friendly_4120.py.history
4.12.8,tests,test_keyboard_validation_4125.py,tests/test_keyboard_validation_4125.py,AudioKnigi_Downloader_v4_12_8_FFmpeg_Hardening_Python_3_14_7.zip,9084633231e126454e5ed846cdb54dae3be338e37a30569caeafb327feda2743,6024,history/variants/tests/4.12.8/test_keyboard_validation_4125.py.history
4.12.8,tests,test_user_friendly_4120.py,tests/test_user_friendly_4120.py,AudioKnigi_Downloader_v4_12_8_FFmpeg_Hardening_Python_3_14_7.zip,348f2ab7ea79a3a314c8a6dd9abb9277dbf0f99a25d33ae9a7a60ab9f2f1c3dd,8264,history/variants/tests/4.12.8/test_user_friendly_4120.py.history
4.12.9,tests,test_keyboard_validation_4125.py,tests/test_keyboard_validation_4125.py,AudioKnigi_Downloader_v4_12_9_Media_URL_Refresh_Python_3_14_7.zip,60be5bb321fd5c4d5ef3960871c54f8e44c2f28ee68165ee289ff9fd0a41b179,6024,history/variants/tests/4.12.9/test_keyboard_validation_4125.py.history
4.12.9,tests,test_media_url_refresh_4129.py,tests/test_media_url_refresh_4129.py,AudioKnigi_Downloader_v4_12_9_Media_URL_Refresh_Python_3_14_7.zip,2647b5ab2ad654f7a69b8591d6efc75bce8d9d5e35e83e7248cb66c38e436582,4744,history/variants/tests/4.12.9/test_media_url_refresh_4129.py.history
4.12.9,tests,test_user_friendly_4120.py,tests/test_user_friendly_4120.py,AudioKnigi_Downloader_v4_12_9_Media_URL_Refresh_Python_3_14_7.zip,6cea7514ed0686a5efb6646496069b4e6216595321121edcba4feb4aa1a87440,8264,history/variants/tests/4.12.9/test_user_friendly_4120.py.history
4.2.1,tests,ui_smoketest_v4_2_1.py,ui_smoketest_v4_2_1.py,AudioKnigi_Downloader_v4_2_1_bundle.zip,bea1c58c4bc7fc250786fe2f25bf6579b7866d6bdd8a0cee6b88dd33927673b5,388,history/variants/tests/4.2.1/ui_smoketest_v4_2_1.py.history
4.3.1,tests,audio_smoketest_v4_3_1.py,audio_smoketest_v4_3_1.py,AudioKnigi_Downloader_v4_3_1_bundle.zip,ad68236dca38221c09f54a46569287e6860cd4c24e3b4ecb61d31a0322d797d9,1794,history/variants/tests/4.3.1/audio_smoketest_v4_3_1.py.history
4.3.1,tests,dnd_smoketest_v4_3_1.py,dnd_smoketest_v4_3_1.py,AudioKnigi_Downloader_v4_3_1_bundle.zip,a02e261c1836cfbabe65a0c1140717345159d438f14c6eb9e06a81c4ca4284a9,1052,history/variants/tests/4.3.1/dnd_smoketest_v4_3_1.py.history
4.3.1,tests,range_smoketest_v4_3_1.py,range_smoketest_v4_3_1.py,AudioKnigi_Downloader_v4_3_1_bundle.zip,a8eceff71a2aa2c35b1d9289486c9f70ad1fb125e21db265f7703911b6f51661,2753,history/variants/tests/4.3.1/range_smoketest_v4_3_1.py.history
4.3.1,tests,ui_smoketest_v4_3_1.py,ui_smoketest_v4_3_1.py,AudioKnigi_Downloader_v4_3_1_bundle.zip,451ec05ab5ab39c2fced5f3feda0fd91992988f0c1a260fc98aa432f91773846,363,history/variants/tests/4.3.1/ui_smoketest_v4_3_1.py.history
4.4,tests,advanced_smoketest_v4_4.py,advanced_smoketest_v4_4.py,AudioKnigi_Downloader_v4_4_bundle.zip,b66502a0e29892f396a247b8864b3a8e2fe6248a784e8fd23627c1a7dd8a3c01,3210,history/variants/tests/4.4/advanced_smoketest_v4_4.py.history
4.4,tests,network_integration_smoketest_v4_4.py,network_integration_smoketest_v4_4.py,AudioKnigi_Downloader_v4_4_bundle.zip,06bd2aa0aa173eac7d26740dd14fdefacc6df81670689211e58e364038f5bb24,2876,history/variants/tests/4.4/network_integration_smoketest_v4_4.py.history
4.4,tests,queue_ui_smoketest_v4_4.py,queue_ui_smoketest_v4_4.py,AudioKnigi_Downloader_v4_4_bundle.zip,0cfd1a02f973b16500833a57d6f141b1b544196ff8259987dac48fde4a0b20a0,849,history/variants/tests/4.4/queue_ui_smoketest_v4_4.py.history
4.4.1,tests,advanced_smoketest_v4_4_1.py,advanced_smoketest_v4_4_1.py,AudioKnigi_Downloader_v4_4_1_bundle.zip,529b239d47905bb9460021810570c59d74d6ac96f186fd2ed28b6d13459d856f,3914,history/variants/tests/4.4.1/advanced_smoketest_v4_4_1.py.history
4.4.1,tests,audio_smoketest_v4_4_1.py,audio_smoketest_v4_4_1.py,AudioKnigi_Downloader_v4_4_1_bundle.zip,ca7ca2b521505e6a765413d6c110fd223e0e30e3cab7ab5051862d34149d7c52,1836,history/variants/tests/4.4.1/audio_smoketest_v4_4_1.py.history
4.4.1,tests,dnd_smoketest_v4_4_1.py,dnd_smoketest_v4_4_1.py,AudioKnigi_Downloader_v4_4_1_bundle.zip,bc9273967a16fd2c13e2b9bfd3d655a967714b6a0dec5057752ebd983ff49463,1052,history/variants/tests/4.4.1/dnd_smoketest_v4_4_1.py.history
4.4.1,tests,network_integration_smoketest_v4_4_1.py,network_integration_smoketest_v4_4_1.py,AudioKnigi_Downloader_v4_4_1_bundle.zip,b942710e8ff832dfc771f4302c7201cd0ff7f7776dffcc0d0de9fb560066c6a0,3429,history/variants/tests/4.4.1/network_integration_smoketest_v4_4_1.py.history
4.4.1,tests,queue_ui_smoketest_v4_4_1.py,queue_ui_smoketest_v4_4_1.py,AudioKnigi_Downloader_v4_4_1_bundle.zip,cb09bec446dee44e62c3dc1eb941f614372769aa9f71bfbc1ec05e6f30074ca4,967,history/variants/tests/4.4.1/queue_ui_smoketest_v4_4_1.py.history
4.4.1,tests,range_smoketest_v4_4_1.py,range_smoketest_v4_4_1.py,AudioKnigi_Downloader_v4_4_1_bundle.zip,6cef20120f40bf49b7db21f73a19142adeb4165b6e5a937bcdde37382153d797,2753,history/variants/tests/4.4.1/range_smoketest_v4_4_1.py.history
4.4.1,tests,ui_smoketest_v4_4_1.py,ui_smoketest_v4_4_1.py,AudioKnigi_Downloader_v4_4_1_bundle.zip,b55ae6cb87fc98af4c5b381d76f0ef8c9a057400687f9890a1b810d3bb0ffb32,363,history/variants/tests/4.4.1/ui_smoketest_v4_4_1.py.history
4.5.0,tests,advanced_smoketest_v4_5_0.py,advanced_smoketest_v4_5_0.py,AudioKnigi_Downloader_v4_5_0_bundle.zip,4cd05be4a17634b3bbaa923885938b566bdff7d35d0a5c3545d1d98b91ece730,4394,history/variants/tests/4.5.0/advanced_smoketest_v4_5_0.py.history
4.5.0,tests,audio_smoketest_v4_5_0.py,audio_smoketest_v4_5_0.py,AudioKnigi_Downloader_v4_5_0_bundle.zip,c10715c0e11267ed9c804e36ea483cda62bf05dcd276340dfa92d9e3dc2213cd,1836,history/variants/tests/4.5.0/audio_smoketest_v4_5_0.py.history
4.5.0,tests,dnd_smoketest_v4_5_0.py,dnd_smoketest_v4_5_0.py,AudioKnigi_Downloader_v4_5_0_bundle.zip,6dc94b2350afacc355865da88fe6e6948b0dd9c06fc24861836a5e5c1e6b2465,1052,history/variants/tests/4.5.0/dnd_smoketest_v4_5_0.py.history
4.5.0,tests,network_integration_smoketest_v4_5_0.py,network_integration_smoketest_v4_5_0.py,AudioKnigi_Downloader_v4_5_0_bundle.zip,78f005d6bed629ff0692300335f17bf62fed730027bed09875e2aa3a289d7ed0,3429,history/variants/tests/4.5.0/network_integration_smoketest_v4_5_0.py.history
4.5.0,tests,queue_ui_smoketest_v4_5_0.py,queue_ui_smoketest_v4_5_0.py,AudioKnigi_Downloader_v4_5_0_bundle.zip,43fce75ecb7b2a1ed23a65dc93c15c78e1d0f3d176218e3e234d40251f18f031,967,history/variants/tests/4.5.0/queue_ui_smoketest_v4_5_0.py.history
4.5.0,tests,range_smoketest_v4_5_0.py,range_smoketest_v4_5_0.py,AudioKnigi_Downloader_v4_5_0_bundle.zip,87f84adf0bd611515bb79cd05706183f104a0167a0505aa88cb49c44e8dd2098,2753,history/variants/tests/4.5.0/range_smoketest_v4_5_0.py.history
4.5.0,tests,ui_smoketest_v4_5_0.py,ui_smoketest_v4_5_0.py,AudioKnigi_Downloader_v4_5_0_bundle.zip,f06ee20123cc35f7cc89cb0b61720b0b6dad56067c40cf6022dbf77b35ee7cff,363,history/variants/tests/4.5.0/ui_smoketest_v4_5_0.py.history
4.6.0,tests,advanced_smoketest_v4_6_0.py,advanced_smoketest_v4_6_0.py,AudioKnigi_Downloader_v4_6_0_bundle.zip,6df2ebf33b44421f58bb2eae9a9f72dbdfda95db91b7e4633b9c1fd6321119d9,4394,history/variants/tests/4.6.0/advanced_smoketest_v4_6_0.py.history
4.6.0,tests,audio_smoketest_v4_6_0.py,audio_smoketest_v4_6_0.py,AudioKnigi_Downloader_v4_6_0_bundle.zip,c9b489fb114cb7dfda686d20030a1938c7116e20dcbc54ec15c4c07a8958f545,1836,history/variants/tests/4.6.0/audio_smoketest_v4_6_0.py.history
4.6.0,tests,dnd_smoketest_v4_6_0.py,dnd_smoketest_v4_6_0.py,AudioKnigi_Downloader_v4_6_0_bundle.zip,3d89ad8010ab0f038755f803f58816b8682d0ebe68cd9a61edafa2ad42584831,1052,history/variants/tests/4.6.0/dnd_smoketest_v4_6_0.py.history
4.6.0,tests,friendly_ui_smoketest_v4_6_0.py,friendly_ui_smoketest_v4_6_0.py,AudioKnigi_Downloader_v4_6_0_bundle.zip,dc1d6d5bbc2c05683215615df2082ef63cb7583e1ba406adc472aaaed268bf67,1333,history/variants/tests/4.6.0/friendly_ui_smoketest_v4_6_0.py.history
4.6.0,tests,network_integration_smoketest_v4_6_0.py,network_integration_smoketest_v4_6_0.py,AudioKnigi_Downloader_v4_6_0_bundle.zip,9e970cbe56b59f64f64e49551c623e2278440a16dbee4fb107dcbf68baa217a4,3429,history/variants/tests/4.6.0/network_integration_smoketest_v4_6_0.py.history
4.6.0,tests,queue_ui_smoketest_v4_6_0.py,queue_ui_smoketest_v4_6_0.py,AudioKnigi_Downloader_v4_6_0_bundle.zip,50242751376e709c6aee1a4b9069977b66cef309754da26c30a319fff721f7a6,967,history/variants/tests/4.6.0/queue_ui_smoketest_v4_6_0.py.history
4.6.0,tests,range_smoketest_v4_6_0.py,range_smoketest_v4_6_0.py,AudioKnigi_Downloader_v4_6_0_bundle.zip,6438f94f4afa3f0454b9ec5c92b0f9f3ab06a608f9f6725344fdd11c2424bae6,2753,history/variants/tests/4.6.0/range_smoketest_v4_6_0.py.history
4.6.0,tests,ui_smoketest_v4_6_0.py,ui_smoketest_v4_6_0.py,AudioKnigi_Downloader_v4_6_0_bundle.zip,4ae2674f2b6eb52982d2189767793046e23dfe1ac4d3828b9de960614123008c,363,history/variants/tests/4.6.0/ui_smoketest_v4_6_0.py.history
4.6.1,tests,visual_ui_smoketest_v4_6_1.py,visual_ui_smoketest_v4_6_1.py,AudioKnigi_Downloader_v4_6_1_Visual_Refresh.zip,ed92554e1a7329358a639eb770f6241a19b61cafb82e0c4a01d2e80d411d378c,724,history/variants/tests/4.6.1/visual_ui_smoketest_v4_6_1.py.history
4.6.1.1,tests,visual_ui_smoketest_v4_6_1.py,visual_ui_smoketest_v4_6_1.py,AudioKnigi_Downloader_v4_6_1_1_HiDPI_Fix.zip,10cafdae2707f5d87668707f545ee369102034b52d93919de7a6e1cb89189465,1146,history/variants/tests/4.6.1.1/visual_ui_smoketest_v4_6_1.py.history
4.7.0,tests,reliability_smoketest_v4_7_0.py,reliability_smoketest_v4_7_0.py,AudioKnigi_Downloader_v4_7_0_Reliability_Accessibility.zip,9b04e6e22ee8dd62f926996f64de6d7ec00e41a40c68dc61fa6e775962fa2003,1902,history/variants/tests/4.7.0/reliability_smoketest_v4_7_0.py.history
4.7.0,tests,user_experience_smoketest_v4_7_0.py,user_experience_smoketest_v4_7_0.py,AudioKnigi_Downloader_v4_7_0_Reliability_Accessibility.zip,0f5387f49e6c02a7590d1032442cb2c02813bda8c59e7d051227ce745fb34f74,2344,history/variants/tests/4.7.0/user_experience_smoketest_v4_7_0.py.history
4.7.0,tests,visual_ui_smoketest_v4_6_1.py,visual_ui_smoketest_v4_6_1.py,AudioKnigi_Downloader_v4_7_0_Reliability_Accessibility.zip,37cb5dc6de43c15a85e7e2e714b26143091337a15d83e09c6a8b640bdecae0d6,1144,history/variants/tests/4.7.0/visual_ui_smoketest_v4_6_1.py.history
4.7.1,tests,test_architecture.py,tests/test_architecture.py,AudioKnigi_Downloader_v4_7_1_Architecture_Cleanup.zip,7f6fd650d33916452ad7d1094c4a3650e075f27f5f5dc3be41a027d9c7bc2311,2547,history/variants/tests/4.7.1/test_architecture.py.history
4.7.1,tests,test_user_experience.py,tests/test_user_experience.py,AudioKnigi_Downloader_v4_7_1_Architecture_Cleanup.zip,43fbc3f00bc61b5c5c9f6edd9da7b44211f32e47af62776c0a9c077aa822b6bc,2328,history/variants/tests/4.7.1/test_user_experience.py.history
4.7.1,tests,test_visual_ui.py,tests/test_visual_ui.py,AudioKnigi_Downloader_v4_7_1_Architecture_Cleanup.zip,f475ca0c95ea413655a4282553576767939ef5ad74a145785993743bbbf6f07e,1132,history/variants/tests/4.7.1/test_visual_ui.py.history
4.7.1.1,tests,test_architecture.py,tests/test_architecture.py,AudioKnigi_Downloader_v4_7_1_1_EventBus_Fix.zip,d7b2f2f8a8f8fe0868fddc33e354719ebb9fa09b01290e7819450ffcf8fd4b98,3655,history/variants/tests/4.7.1.1/test_architecture.py.history
4.7.1.1,tests,test_range.py,tests/test_range.py,AudioKnigi_Downloader_v4_7_1_1_EventBus_Fix.zip,929b61dc07fb774eed1b601409486bbc11bec8081ea31cfb7f8443fef29ec5a2,3630,history/variants/tests/4.7.1.1/test_range.py.history
4.7.1.1,tests,test_reliability.py,tests/test_reliability.py,AudioKnigi_Downloader_v4_7_1_1_EventBus_Fix.zip,2571c9423143c9d928585bbd43569735f1e4ba41841e57242a8114558d7f6f3b,1882,history/variants/tests/4.7.1.1/test_reliability.py.history
4.7.1.1,tests,test_user_experience.py,tests/test_user_experience.py,AudioKnigi_Downloader_v4_7_1_1_EventBus_Fix.zip,3835a19356e9ad946a2d15a9a2549045f6ef18ea03755deac9d20cc8333b6a2c,2330,history/variants/tests/4.7.1.1/test_user_experience.py.history
4.7.1.1,tests,test_visual_ui.py,tests/test_visual_ui.py,AudioKnigi_Downloader_v4_7_1_1_EventBus_Fix.zip,ad70337b1522e9c02622525a25b81f1ab4ae1db4bda1598f4aa6d5473ad0bb36,1134,history/variants/tests/4.7.1.1/test_visual_ui.py.history
4.7.1.2,tests,test_architecture.py,tests/test_architecture.py,AudioKnigi_Downloader_v4_7_1_2_Range_Continuation_Fix.zip,fc5058be70b4c432f4740ccfa3d6003e087e9fccda025e77b65d009de826c0d4,3655,history/variants/tests/4.7.1.2/test_architecture.py.history
4.7.1.2,tests,test_user_experience.py,tests/test_user_experience.py,AudioKnigi_Downloader_v4_7_1_2_Range_Continuation_Fix.zip,e416983ef5fb85b66c320fcf58110c14d43a1cf3d5efc17dbfd8c41bf047d840,2330,history/variants/tests/4.7.1.2/test_user_experience.py.history
4.7.1.2,tests,test_visual_ui.py,tests/test_visual_ui.py,AudioKnigi_Downloader_v4_7_1_2_Range_Continuation_Fix.zip,85251ff0573a75020384f5cbfd1b12e4db17a7fe4399b60f38d456c13cf7eb3c,1134,history/variants/tests/4.7.1.2/test_visual_ui.py.history
4.7.1.3,tests,test_architecture.py,tests/test_architecture.py,AudioKnigi_Downloader_v4_7_1_3_Cover_Lifecycle_Fix.zip,32350d70ccfc77b91060545a0a563b9263fffaa6526dc06097c47c97967f5e8e,3655,history/variants/tests/4.7.1.3/test_architecture.py.history
4.7.1.3,tests,test_user_experience.py,tests/test_user_experience.py,AudioKnigi_Downloader_v4_7_1_3_Cover_Lifecycle_Fix.zip,c603be313249ac8a07eccd7cd57fbe9fd23654ae3b7b99bf5962b8b2185c4a62,2330,history/variants/tests/4.7.1.3/test_user_experience.py.history
4.7.1.3,tests,test_visual_ui.py,tests/test_visual_ui.py,AudioKnigi_Downloader_v4_7_1_3_Cover_Lifecycle_Fix.zip,99fbe0b957dd0b556ca8ae415bd23ce19709d87cfc8dee6ab8c188cf41b3b31b,1134,history/variants/tests/4.7.1.3/test_visual_ui.py.history
4.7.10,tests,test_audit_474.py,tests/test_audit_474.py,AudioKnigi_Downloader_v4_7_10_Settings_Lifecycle_Hardening.zip,8e6a96b2aeef2c6f577317383f389986a0a0bb1bb389224bfcc47191e8987271,8011,history/variants/tests/4.7.10/test_audit_474.py.history
4.7.10,tests,test_audit_477.py,tests/test_audit_477.py,AudioKnigi_Downloader_v4_7_10_Settings_Lifecycle_Hardening.zip,6c233dfd884d13f1356deec0dafeca5fee4f8d9f8ef24f3e3e4e4bc25c5d0ed1,4917,history/variants/tests/4.7.10/test_audit_477.py.history
4.7.10,tests,test_audit_479.py,tests/test_audit_479.py,AudioKnigi_Downloader_v4_7_10_Settings_Lifecycle_Hardening.zip,df2b1b6622b94d3dcf51457f00d0ddf2179413448ccf11c0d3ad88994f7742fe,4767,history/variants/tests/4.7.10/test_audit_479.py.history
4.7.10,tests,test_hardening.py,tests/test_hardening.py,AudioKnigi_Downloader_v4_7_10_Settings_Lifecycle_Hardening.zip,0567c54ecb194acc080d01b8880cd6bd3b1e9d0e49dde2c09c273de382e0e50b,11202,history/variants/tests/4.7.10/test_hardening.py.history
4.7.10,tests,test_maintenance.py,tests/test_maintenance.py,AudioKnigi_Downloader_v4_7_10_Settings_Lifecycle_Hardening.zip,af3140a5b5a56f64ddccb7c0a9054d7bc752d6b4a40ccf7fbb14a89b0d3925fc,12017,history/variants/tests/4.7.10/test_maintenance.py.history
4.7.2,tests,test_architecture.py,tests/test_architecture.py,AudioKnigi_Downloader_v4_7_2_Maintenance_Hardening.zip,406303816304af6eda2bba7a4e97cf28c62acd361be55b1a94f32aca78224e5f,3653,history/variants/tests/4.7.2/test_architecture.py.history
4.7.2,tests,test_maintenance.py,tests/test_maintenance.py,AudioKnigi_Downloader_v4_7_2_Maintenance_Hardening.zip,c5ff6fc510ac9296d7d67421779be2d6348a4bfaa8f97ba10ac9959a877e3e96,12023,history/variants/tests/4.7.2/test_maintenance.py.history
4.7.2,tests,test_user_experience.py,tests/test_user_experience.py,AudioKnigi_Downloader_v4_7_2_Maintenance_Hardening.zip,c43332deec55201ec46310e6a78bf1a43b94302c25e56ea0ef0569c2bd2d5d7b,2328,history/variants/tests/4.7.2/test_user_experience.py.history
4.7.2,tests,test_visual_ui.py,tests/test_visual_ui.py,AudioKnigi_Downloader_v4_7_2_Maintenance_Hardening.zip,5a6e1e2c71448d700745e6738b7e60d00671e376b11ee3abff259666c6978ae1,1132,history/variants/tests/4.7.2/test_visual_ui.py.history
4.7.3,tests,test_architecture.py,tests/test_architecture.py,AudioKnigi_Downloader_v4_7_3_Runtime_Hardening.zip,27aeb1e6d620ff4cf00750d60f622de27e34d850e5ca07c53e8b67b471def3e1,3653,history/variants/tests/4.7.3/test_architecture.py.history
4.7.3,tests,test_hardening.py,tests/test_hardening.py,AudioKnigi_Downloader_v4_7_3_Runtime_Hardening.zip,dcf26777e17102a49cd6295657ed0fa78e5be7bd93459885f0675183f4d04d72,11206,history/variants/tests/4.7.3/test_hardening.py.history
4.7.3,tests,test_maintenance.py,tests/test_maintenance.py,AudioKnigi_Downloader_v4_7_3_Runtime_Hardening.zip,8466ade3710d720532d4a70e215f1506137e1f850be1f331c0e6c1e0ef07d387,12023,history/variants/tests/4.7.3/test_maintenance.py.history
4.7.3,tests,test_user_experience.py,tests/test_user_experience.py,AudioKnigi_Downloader_v4_7_3_Runtime_Hardening.zip,7b67e3a4f80073dfe5d572505705cc2d35238eb523383c61b43f9d966091f000,2328,history/variants/tests/4.7.3/test_user_experience.py.history
4.7.3,tests,test_visual_ui.py,tests/test_visual_ui.py,AudioKnigi_Downloader_v4_7_3_Runtime_Hardening.zip,221ecd8c48ba34d846b6abc4b4948006c0e128bbbaf8b01f292312c1337a44af,1132,history/variants/tests/4.7.3/test_visual_ui.py.history
4.7.4,tests,test_hardening.py,tests/test_hardening.py,AudioKnigi_Downloader_v4_7_4_Audit_Hardening.zip,4209b18cb72667ce605787bca4de958f50f808f03343c74d8ebab40cb4066c10,11200,history/variants/tests/4.7.4/test_hardening.py.history
4.7.8,tests,test_audit_478.py,tests/test_audit_478.py,AudioKnigi_Downloader_v4_7_8_Runtime_Accessibility_Hardening.zip,b46b2b58a07a58ba967f4a04b9a939091216a43f756b562a446786f2fc66de87,7629,history/variants/tests/4.7.8/test_audit_478.py.history
4.8.0,tests,test_audit_474.py,tests/test_audit_474.py,AudioKnigi_Downloader_v4_8_0_Modern_Accessible_UI.zip,15996c29c3ba4f445e33658db808892b70c411488e33b7915e8c311011bb9908,8021,history/variants/tests/4.8.0/test_audit_474.py.history
4.8.10,tests,test_audit_477.py,tests/test_audit_477.py,AudioKnigi_Downloader_v4_8_10_Full_Stability_DnD_Fix.zip,eb045219cb147f822262047bd8e2632dfd8d169d6e53847c9a79824c43d70a1d,4905,history/variants/tests/4.8.10/test_audit_477.py.history
4.8.10,tests,test_audit_4810.py,tests/test_audit_4810.py,AudioKnigi_Downloader_v4_8_10_Full_Stability_DnD_Fix.zip,298560b360723ad9cbd08090c7757033d8767a19a76e890750429e40041233fd,6181,history/variants/tests/4.8.10/test_audit_4810.py.history
4.8.10,tests,test_audit_489.py,tests/test_audit_489.py,AudioKnigi_Downloader_v4_8_10_Full_Stability_DnD_Fix.zip,60f1d45c9eb5d5da7a1202dfff58ae7ec8444622c7df77ee06b5fe93dc4d2009,11416,history/variants/tests/4.8.10/test_audit_489.py.history
4.8.10,tests,test_search_accuracy_482.py,tests/test_search_accuracy_482.py,AudioKnigi_Downloader_v4_8_10_Full_Stability_DnD_Fix.zip,3f98d37ec920de624809586e5736c3391fbf61ba950050169fc5a3efe4e84aac,3600,history/variants/tests/4.8.10/test_search_accuracy_482.py.history
4.8.17,tests,test_audit_474.py,tests/test_audit_474.py,AudioKnigi_Downloader_v4_8_17_Tabs_Lifecycle_DPI_Fix.zip,26c92008fd54549e336c5e0d64e015f33f1643f6443da1624ded7c455fd0e386,8064,history/variants/tests/4.8.17/test_audit_474.py.history
4.8.17,tests,test_audit_4817.py,tests/test_audit_4817.py,AudioKnigi_Downloader_v4_8_17_Tabs_Lifecycle_DPI_Fix.zip,0db6b4a8c0cd359026928e11bdfbf4f30d94123c0768ffc2cac2f87675995a14,1770,history/variants/tests/4.8.17/test_audit_4817.py.history
4.8.19,tests,test_search_accuracy_482.py,tests/test_search_accuracy_482.py,AudioKnigi_Downloader_v4_8_19_Accessibility_Lifecycle_Search_DnD_Fix.zip,6cb7b84095a385679367e4e47e2107fe3124ac3d44455cacd8a1c20c1b8e4b39,3600,history/variants/tests/4.8.19/test_search_accuracy_482.py.history
4.8.3,tests,test_clipboard_and_layout_483.py,tests/test_clipboard_and_layout_483.py,AudioKnigi_Downloader_v4_8_3_Clipboard_UI_Fix.zip,556307797388fa4d7d77008e77cdceb60ad9ca079c8d5756da8b162e5ef77874,802,history/variants/tests/4.8.3/test_clipboard_and_layout_483.py.history
4.8.3,tests,test_ui_input_layout_483.py,tests/test_ui_input_layout_483.py,AudioKnigi_Downloader_v4_8_3_UI_Clipboard_Fix.zip,0281a598e0a530e8a8abff8924c2add40594d780cd7a3426c4b5d97a6e22d791,3817,history/variants/tests/4.8.3/test_ui_input_layout_483.py.history
4.8.9,tests,test_audit_489.py,tests/test_audit_489.py,AudioKnigi_Downloader_v4_8_9_Full_Audit_Fix.zip,3524702076d9f5cbaba706d1ce8c9aaab43a4db96ee16989c712f2ceab8f813d,11376,history/variants/tests/4.8.9/test_audit_489.py.history
4.9.0,tests,test_knigavuhe_490.py,tests/test_knigavuhe_490.py,AudioKnigi_Downloader_v4_9_0_Knigavuhe.zip,d78e920ca035dbce2670cfad3ef1d46a67037abb9631138c330cfec0dc99ff7d,5486,history/variants/tests/4.9.0/test_knigavuhe_490.py.history
4.9.1,tests,test_knigavuhe_490.py,tests/test_knigavuhe_490.py,AudioKnigi_Downloader_v4_9_1_Knigavuhe_Search_Fix.zip,55a015228f4905d58c546f765e4dea8d0142c1cdfa064b6bfa35270bd0c6707d,7468,history/variants/tests/4.9.1/test_knigavuhe_490.py.history
4.9.2,tests,test_knigavuhe_490.py,tests/test_knigavuhe_490.py,AudioKnigi_Downloader_v4_9_2_Knigavuhe_Title_Fix.zip,c037be7a445f963785d32d51a316d86a1e2f15006d3d1d4f047d99323c262595,9822,history/variants/tests/4.9.2/test_knigavuhe_490.py.history
4.9.3,tests,test_knigavuhe_490.py,tests/test_knigavuhe_490.py,AudioKnigi_Downloader_v4_9_3_Knigavuhe_Readers_Variants.zip,22c89ce8c31e4cd9a3d5ef3bd467ad0331b8bd5a5d894243b55c2412bf03fa89,15034,history/variants/tests/4.9.3/test_knigavuhe_490.py.history
4.9.5,tests,test_search_variants_495.py,tests/test_search_variants_495.py,AudioKnigi_Downloader_v4_9_5_Search_Variants.zip,0a1f3479708ae81a9c8a3eb5b3be911a29305e03f62563404e363db22799ba05,8933,history/variants/tests/4.9.5/test_search_variants_495.py.history
